users,ratings,The Hitchhiker's Guide To The Galaxy,Watership Down,The Five People You Meet in Heaven,Speak,I Know Why the Caged Bird Sings,Thirteen Reasons Why,Foundation Series,The Sisterhood of the Travelling Pants,A Great and Terrible Beauty,The Da Vinci Code,The Princess Diaries,Ender's Game,The Hunt for Red October,The Hunger Games,The Great Gatsby,Ranger's Apprentice Series,Inkheart,Neuromancer,Lord of the Flies,The Princess Bride,Dinotopia: A Land Apart from Time,Far North,Practical Magic,Brave New World,The Summer Tree,Flowers For Algernon,Owl in Love,Naruto,Bleach (graphic novel),Kiss the Dust,To Kill a Mockingbird,The Lion the Witch and the Wardrobe,The Bourne Series,Life of Pi,Breathless,Twilight Series,Sabriel,Nineteen Eighty-Four (1984),Eragon,Hatchet,My Sister's Keeper,The Golden Compass,Harry Potter Series,Holes,Shonen Jump Series,The Shadow Club,Bone Series,Maus: A Survivor's Tale,The Joy Luck Club,The Lord of the Rings,The Hobbit,Shattered,The War Of The Worlds,Dealing with Dragons,The Chrysalids,new_ratings,rating_distribution,read_books,liked_books,hated_books,neutral_books,unread_books
Ben,"['5', '0', '0', '0', '0', '0', '0', '1', '0', '1', '-3', '5', '0', '0', '0', '5', '5', '0', '0', '0', '0', '5', '0', '0', '0', '0', '0', '0', '0', '0', '1', '3', '0', '1', '0', '-5', '0', '0', '5', '5', '0', '5', '5', '5', '0', '5', '5', '0', '0', '0', '5', '5', '5', '5', '-5']",5,0,0,0,0,0,0,3,0,3,2,5,0,0,0,5,5,0,0,0,0,5,0,0,0,0,0,0,0,0,3,4,0,3,0,1,0,0,5,5,0,5,5,5,0,5,5,0,0,0,5,5,5,5,1,"[5, 0, 0, 0, 0, 0, 0, 3, 0, 3, 2, 5, 0, 0, 0, 5, 5, 0, 0, 0, 0, 5, 0, 0, 0, 0, 0, 0, 0, 0, 3, 4, 0, 3, 0, 1, 0, 0, 5, 5, 0, 5, 5, 5, 0, 5, 5, 0, 0, 0, 5, 5, 5, 5, 1]","Counter({0: 31, 5: 16, 3: 4, 1: 2, 2: 1, 4: 1})",24,17,3,4,31
Moose,"['5', '5', '0', '0', '0', '0', '3', '0', '0', '1', '0', '5', '3', '0', '5', '0', '3', '3', '5', '0', '0', '0', '0', '0', '5', '0', '0', '0', '0', '0', '3', '5', '0', '0', '0', '0', '0', '5', '-3', '0', '0', '0', '5', '0', '0', '0', '0', '0', '0', '5', '5', '0', '3', '0', '0']",5,5,0,0,0,0,4,0,0,3,0,5,4,0,5,0,4,4,5,0,0,0,0,0,5,0,0,0,0,0,4,5,0,0,0,0,0,5,2,0,0,0,5,0,0,0,0,0,0,5,5,0,4,0,0,"[5, 5, 0, 0, 0, 0, 4, 0, 0, 3, 0, 5, 4, 0, 5, 0, 4, 4, 5, 0, 0, 0, 0, 0, 5, 0, 0, 0, 0, 0, 4, 5, 0, 0, 0, 0, 0, 5, 2, 0, 0, 0, 5, 0, 0, 0, 0, 0, 0, 5, 5, 0, 4, 0, 0]","Counter({0: 36, 5: 11, 4: 6, 3: 1, 2: 1})",19,17,1,1,36
Reuven,"['5', '-5', '0', '0', '0', '0', '-3', '-5', '0', '1', '-5', '5', '0', '1', '0', '1', '-3', '1', '-5', '0', '0', '0', '0', '0', '0', '3', '0', '0', '0', '0', '-5', '1', '0', '1', '0', '-5', '0', '3', '-3', '3', '0', '1', '5', '1', '0', '0', '0', '0', '0', '1', '3', '1', '5', '1', '3']",5,1,0,0,0,0,2,1,0,3,1,5,0,3,0,3,2,3,1,0,0,0,0,0,0,4,0,0,0,0,1,3,0,3,0,1,0,4,2,4,0,3,5,3,0,0,0,0,0,3,4,3,5,3,4,"[5, 1, 0, 0, 0, 0, 2, 1, 0, 3, 1, 5, 0, 3, 0, 3, 2, 3, 1, 0, 0, 0, 0, 0, 0, 4, 0, 0, 0, 0, 1, 3, 0, 3, 0, 1, 0, 4, 2, 4, 0, 3, 5, 3, 0, 0, 0, 0, 0, 3, 4, 3, 5, 3, 4]","Counter({0: 26, 3: 11, 1: 6, 4: 5, 5: 4, 2: 3})",29,9,9,11,26
Cust1,"['3', '3', '5', '0', '0', '0', '3', '0', '0', '3', '0', '3', '0', '0', '0', '0', '0', '3', '0', '5', '0', '0', '0', '1', '3', '1', '0', '0', '0', '0', '0', '3', '0', '3', '0', '0', '0', '1', '3', '0', '0', '3', '3', '0', '0', '0', '5', '0', '0', '3', '1', '0', '0', '0', '0']",4,4,5,0,0,0,4,0,0,4,0,4,0,0,0,0,0,4,0,5,0,0,0,3,4,3,0,0,0,0,0,4,0,4,0,0,0,3,4,0,0,4,4,0,0,0,5,0,0,4,3,0,0,0,0,"[4, 4, 5, 0, 0, 0, 4, 0, 0, 4, 0, 4, 0, 0, 0, 0, 0, 4, 0, 5, 0, 0, 0, 3, 4, 3, 0, 0, 0, 0, 0, 4, 0, 4, 0, 0, 0, 3, 4, 0, 0, 4, 4, 0, 0, 0, 5, 0, 0, 4, 3, 0, 0, 0, 0]","Counter({0: 35, 4: 13, 3: 4, 5: 3})",20,16,0,4,35
Cust2,"['3', '0', '0', '0', '0', '0', '0', '0', '0', '0', '0', '0', '0', '0', '0', '0', '0', '0', '1', '0', '0', '0', '0', '0', '0', '0', '0', '0', '0', '0', '0', '5', '0', '0', '0', '0', '0', '3', '1', '0', '0', '0', '3', '0', '0', '0', '3', '0', '3', '3', '5', '0', '3', '0', '3']",4,0,0,0,0,0,0,0,0,0,0,0,0,0,0,0,0,0,3,0,0,0,0,0,0,0,0,0,0,0,0,5,0,0,0,0,0,4,3,0,0,0,4,0,0,0,4,0,4,4,5,0,4,0,4,"[4, 0, 0, 0, 0, 0, 0, 0, 0, 0, 0, 0, 0, 0, 0, 0, 0, 0, 3, 0, 0, 0, 0, 0, 0, 0, 0, 0, 0, 0, 0, 5, 0, 0, 0, 0, 0, 4, 3, 0, 0, 0, 4, 0, 0, 0, 4, 0, 4, 4, 5, 0, 4, 0, 4]","Counter({0: 43, 4: 8, 3: 2, 5: 2})",12,10,0,2,43
Francois,"['3', '3', '5', '0', '0', '0', '3', '0', '0', '3', '0', '3', '0', '0', '0', '0', '0', '3', '0', '5', '0', '0', '0', '1', '3', '1', '0', '0', '0', '0', '0', '3', '0', '3', '0', '0', '0', '1', '3', '0', '0', '3', '3', '0', '0', '0', '5', '0', '0', '3', '1', '0', '0', '0', '0']",4,4,5,0,0,0,4,0,0,4,0,4,0,0,0,0,0,4,0,5,0,0,0,3,4,3,0,0,0,0,0,4,0,4,0,0,0,3,4,0,0,4,4,0,0,0,5,0,0,4,3,0,0,0,0,"[4, 4, 5, 0, 0, 0, 4, 0, 0, 4, 0, 4, 0, 0, 0, 0, 0, 4, 0, 5, 0, 0, 0, 3, 4, 3, 0, 0, 0, 0, 0, 4, 0, 4, 0, 0, 0, 3, 4, 0, 0, 4, 4, 0, 0, 0, 5, 0, 0, 4, 3, 0, 0, 0, 0]","Counter({0: 35, 4: 13, 3: 4, 5: 3})",20,16,0,4,35
Jim C,"['5', '3', '0', '0', '0', '0', '3', '0', '0', '0', '0', '0', '0', '0', '1', '0', '0', '0', '0', '0', '0', '0', '0', '3', '0', '3', '0', '0', '0', '0', '0', '5', '0', '5', '0', '0', '0', '0', '0', '0', '0', '0', '0', '0', '0', '0', '0', '0', '3', '3', '3', '0', '0', '0', '0']",5,4,0,0,0,0,4,0,0,0,0,0,0,0,3,0,0,0,0,0,0,0,0,4,0,4,0,0,0,0,0,5,0,5,0,0,0,0,0,0,0,0,0,0,0,0,0,0,4,4,4,0,0,0,0,"[5, 4, 0, 0, 0, 0, 4, 0, 0, 0, 0, 0, 0, 0, 3, 0, 0, 0, 0, 0, 0, 0, 0, 4, 0, 4, 0, 0, 0, 0, 0, 5, 0, 5, 0, 0, 0, 0, 0, 0, 0, 0, 0, 0, 0, 0, 0, 0, 4, 4, 4, 0, 0, 0, 0]","Counter({0: 44, 4: 7, 5: 3, 3: 1})",11,10,0,1,44
Iren,"['0', '0', '0', '0', '0', '0', '0', '0', '0', '0', '0', '0', '0', '0', '0', '0', '1', '0', '0', '0', '0', '0', '0', '0', '0', '0', '0', '5', '0', '0', '0', '1', '0', '0', '0', '1', '0', '0', '5', '0', '0', '0', '5', '3', '5', '0', '0', '0', '0', '5', '3', '0', '3', '0', '-5']",0,0,0,0,0,0,0,0,0,0,0,0,0,0,0,0,3,0,0,0,0,0,0,0,0,0,0,5,0,0,0,3,0,0,0,3,0,0,5,0,0,0,5,4,5,0,0,0,0,5,4,0,4,0,1,"[0, 0, 0, 0, 0, 0, 0, 0, 0, 0, 0, 0, 0, 0, 0, 0, 3, 0, 0, 0, 0, 0, 0, 0, 0, 0, 0, 5, 0, 0, 0, 3, 0, 0, 0, 3, 0, 0, 5, 0, 0, 0, 5, 4, 5, 0, 0, 0, 0, 5, 4, 0, 4, 0, 1]","Counter({0: 43, 5: 5, 3: 3, 4: 3, 1: 1})",12,8,1,3,43
Cust3,"['0', '0', '0', '-3', '0', '0', '0', '0', '0', '0', '0', '0', '0', '0', '0', '0', '3', '0', '0', '0', '0', '0', '0', '0', '0', '0', '0', '5', '5', '0', '0', '0', '0', '0', '0', '0', '0', '0', '1', '1', '0', '-3', '5', '3', '0', '0', '1', '0', '0', '0', '1', '0', '0', '0', '0']",0,0,0,2,0,0,0,0,0,0,0,0,0,0,0,0,4,0,0,0,0,0,0,0,0,0,0,5,5,0,0,0,0,0,0,0,0,0,3,3,0,2,5,4,0,0,3,0,0,0,3,0,0,0,0,"[0, 0, 0, 2, 0, 0, 0, 0, 0, 0, 0, 0, 0, 0, 0, 0, 4, 0, 0, 0, 0, 0, 0, 0, 0, 0, 0, 5, 5, 0, 0, 0, 0, 0, 0, 0, 0, 0, 3, 3, 0, 2, 5, 4, 0, 0, 3, 0, 0, 0, 3, 0, 0, 0, 0]","Counter({0: 44, 3: 4, 5: 3, 2: 2, 4: 2})",11,5,2,4,44
Cust4,"['0', '0', '0', '0', '0', '0', '0', '5', '0', '0', '0', '0', '0', '0', '0', '0', '0', '0', '0', '0', '0', '0', '0', '0', '0', '0', '0', '0', '0', '0', '0', '0', '0', '0', '0', '5', '0', '0', '-5', '0', '0', '-5', '5', '0', '0', '0', '0', '0', '0', '0', '-3', '0', '0', '0', '-3']",0,0,0,0,0,0,0,5,0,0,0,0,0,0,0,0,0,0,0,0,0,0,0,0,0,0,0,0,0,0,0,0,0,0,0,5,0,0,1,0,0,1,5,0,0,0,0,0,0,0,2,0,0,0,2,"[0, 0, 0, 0, 0, 0, 0, 5, 0, 0, 0, 0, 0, 0, 0, 0, 0, 0, 0, 0, 0, 0, 0, 0, 0, 0, 0, 0, 0, 0, 0, 0, 0, 0, 0, 5, 0, 0, 1, 0, 0, 1, 5, 0, 0, 0, 0, 0, 0, 0, 2, 0, 0, 0, 2]","Counter({0: 48, 5: 3, 1: 2, 2: 2})",7,3,4,0,48
Cust5,"['0', '-3', '0', '0', '0', '0', '0', '0', '0', '0', '0', '0', '0', '0', '0', '0', '0', '0', '0', '0', '0', '0', '0', '0', '0', '3', '0', '0', '0', '0', '5', '3', '0', '0', '0', '0', '0', '5', '0', '3', '0', '3', '5', '3', '0', '0', '0', '3', '0', '5', '5', '0', '0', '5', '0']",0,2,0,0,0,0,0,0,0,0,0,0,0,0,0,0,0,0,0,0,0,0,0,0,0,4,0,0,0,0,5,4,0,0,0,0,0,5,0,4,0,4,5,4,0,0,0,4,0,5,5,0,0,5,0,"[0, 2, 0, 0, 0, 0, 0, 0, 0, 0, 0, 0, 0, 0, 0, 0, 0, 0, 0, 0, 0, 0, 0, 0, 0, 4, 0, 0, 0, 0, 5, 4, 0, 0, 0, 0, 0, 5, 0, 4, 0, 4, 5, 4, 0, 0, 0, 4, 0, 5, 5, 0, 0, 5, 0]","Counter({0: 42, 4: 6, 5: 6, 2: 1})",13,12,1,0,42
Cust6,"['1', '1', '3', '3', '-3', '3', '3', '5', '5', '5', '5', '1', '3', '1', '1', '0', '5', '0', '3', '0', '0', '0', '0', '0', '0', '0', '0', '0', '0', '0', '0', '0', '0', '0', '0', '3', '3', '0', '3', '0', '3', '5', '5', '5', '0', '-3', '0', '0', '0', '0', '0', '0', '3', '1', '1']",3,3,4,4,2,4,4,5,5,5,5,3,4,3,3,0,5,0,4,0,0,0,0,0,0,0,0,0,0,0,0,0,0,0,0,4,4,0,4,0,4,5,5,5,0,2,0,0,0,0,0,0,4,3,3,"[3, 3, 4, 4, 2, 4, 4, 5, 5, 5, 5, 3, 4, 3, 3, 0, 5, 0, 4, 0, 0, 0, 0, 0, 0, 0, 0, 0, 0, 0, 0, 0, 0, 0, 0, 4, 4, 0, 4, 0, 4, 5, 5, 5, 0, 2, 0, 0, 0, 0, 0, 0, 4, 3, 3]","Counter({0: 27, 4: 11, 5: 8, 3: 7, 2: 2})",28,19,2,7,27
Cust7,"['0', '0', '0', '0', '0', '0', '0', '0', '0', '0', '0', '5', '0', '0', '0', '0', '0', '0', '0', '0', '0', '0', '0', '0', '0', '0', '0', '1', '-3', '0', '0', '5', '5', '0', '0', '5', '0', '0', '3', '0', '0', '0', '5', '0', '0', '0', '0', '0', '0', '0', '0', '0', '5', '0', '5']",0,0,0,0,0,0,0,0,0,0,0,5,0,0,0,0,0,0,0,0,0,0,0,0,0,0,0,3,2,0,0,5,5,0,0,5,0,0,4,0,0,0,5,0,0,0,0,0,0,0,0,0,5,0,5,"[0, 0, 0, 0, 0, 0, 0, 0, 0, 0, 0, 5, 0, 0, 0, 0, 0, 0, 0, 0, 0, 0, 0, 0, 0, 0, 0, 3, 2, 0, 0, 5, 5, 0, 0, 5, 0, 0, 4, 0, 0, 0, 5, 0, 0, 0, 0, 0, 0, 0, 0, 0, 5, 0, 5]","Counter({0: 45, 5: 7, 3: 1, 2: 1, 4: 1})",10,8,1,1,45
Cust8,"['3', '0', '0', '5', '0', '0', '0', '5', '0', '5', '3', '0', '0', '0', '0', '0', '3', '0', '5', '5', '0', '0', '0', '0', '0', '0', '0', '0', '5', '0', '5', '5', '3', '0', '0', '5', '0', '0', '5', '5', '5', '3', '5', '5', '0', '0', '5', '0', '0', '5', '5', '0', '5', '0', '5']",4,0,0,5,0,0,0,5,0,5,4,0,0,0,0,0,4,0,5,5,0,0,0,0,0,0,0,0,5,0,5,5,4,0,0,5,0,0,5,5,5,4,5,5,0,0,5,0,0,5,5,0,5,0,5,"[4, 0, 0, 5, 0, 0, 0, 5, 0, 5, 4, 0, 0, 0, 0, 0, 4, 0, 5, 5, 0, 0, 0, 0, 0, 0, 0, 0, 5, 0, 5, 5, 4, 0, 0, 5, 0, 0, 5, 5, 5, 4, 5, 5, 0, 0, 5, 0, 0, 5, 5, 0, 5, 0, 5]","Counter({0: 31, 5: 19, 4: 5})",24,24,0,0,31
Cust9,"['5', '0', '0', '0', '0', '0', '3', '0', '0', '0', '0', '3', '0', '0', '0', '0', '0', '0', '1', '0', '0', '0', '0', '0', '0', '5', '0', '0', '0', '0', '1', '0', '0', '0', '0', '0', '0', '0', '0', '0', '0', '0', '0', '0', '0', '0', '0', '0', '0', '-3', '0', '0', '0', '0', '3']",5,0,0,0,0,0,4,0,0,0,0,4,0,0,0,0,0,0,3,0,0,0,0,0,0,5,0,0,0,0,3,0,0,0,0,0,0,0,0,0,0,0,0,0,0,0,0,0,0,2,0,0,0,0,4,"[5, 0, 0, 0, 0, 0, 4, 0, 0, 0, 0, 4, 0, 0, 0, 0, 0, 0, 3, 0, 0, 0, 0, 0, 0, 5, 0, 0, 0, 0, 3, 0, 0, 0, 0, 0, 0, 0, 0, 0, 0, 0, 0, 0, 0, 0, 0, 0, 0, 2, 0, 0, 0, 0, 4]","Counter({0: 47, 4: 3, 5: 2, 3: 2, 2: 1})",8,5,1,2,47
andrew,"['3', '3', '1', '0', '3', '0', '3', '0', '0', '-3', '0', '5', '3', '0', '1', '0', '0', '5', '3', '0', '0', '0', '0', '1', '0', '3', '0', '1', '0', '0', '3', '5', '3', '3', '0', '0', '0', '5', '0', '5', '0', '3', '3', '0', '-3', '0', '0', '5', '1', '5', '3', '0', '3', '0', '0']",4,4,3,0,4,0,4,0,0,2,0,5,4,0,3,0,0,5,4,0,0,0,0,3,0,4,0,3,0,0,4,5,4,4,0,0,0,5,0,5,0,4,4,0,2,0,0,5,3,5,4,0,4,0,0,"[4, 4, 3, 0, 4, 0, 4, 0, 0, 2, 0, 5, 4, 0, 3, 0, 0, 5, 4, 0, 0, 0, 0, 3, 0, 4, 0, 3, 0, 0, 4, 5, 4, 4, 0, 0, 0, 5, 0, 5, 0, 4, 4, 0, 2, 0, 0, 5, 3, 5, 4, 0, 4, 0, 0]","Counter({0: 27, 4: 14, 5: 7, 3: 5, 2: 2})",28,21,2,5,27
ma,"['0', '0', '0', '0', '5', '0', '0', '0', '0', '3', '0', '0', '0', '0', '0', '0', '0', '0', '-3', '0', '0', '0', '0', '-3', '0', '0', '0', '0', '0', '0', '0', '3', '0', '3', '0', '0', '0', '-3', '0', '0', '0', '0', '3', '0', '0', '0', '0', '0', '0', '-3', '-3', '0', '0', '0', '0']",0,0,0,0,5,0,0,0,0,4,0,0,0,0,0,0,0,0,2,0,0,0,0,2,0,0,0,0,0,0,0,4,0,4,0,0,0,2,0,0,0,0,4,0,0,0,0,0,0,2,2,0,0,0,0,"[0, 0, 0, 0, 5, 0, 0, 0, 0, 4, 0, 0, 0, 0, 0, 0, 0, 0, 2, 0, 0, 0, 0, 2, 0, 0, 0, 0, 0, 0, 0, 4, 0, 4, 0, 0, 0, 2, 0, 0, 0, 0, 4, 0, 0, 0, 0, 0, 0, 2, 2, 0, 0, 0, 0]","Counter({0: 45, 2: 5, 4: 4, 5: 1})",10,5,5,0,45
matt c,"['0', '3', '0', '0', '0', '0', '0', '0', '0', '5', '0', '5', '0', '0', '-3', '5', '0', '0', '1', '0', '0', '3', '0', '0', '3', '0', '0', '0', '0', '0', '1', '3', '3', '0', '0', '0', '0', '0', '5', '0', '0', '0', '5', '3', '0', '3', '0', '0', '0', '5', '5', '3', '0', '0', '0']",0,4,0,0,0,0,0,0,0,5,0,5,0,0,2,5,0,0,3,0,0,4,0,0,4,0,0,0,0,0,3,4,4,0,0,0,0,0,5,0,0,0,5,4,0,4,0,0,0,5,5,4,0,0,0,"[0, 4, 0, 0, 0, 0, 0, 0, 0, 5, 0, 5, 0, 0, 2, 5, 0, 0, 3, 0, 0, 4, 0, 0, 4, 0, 0, 0, 0, 0, 3, 4, 4, 0, 0, 0, 0, 0, 5, 0, 0, 0, 5, 4, 0, 4, 0, 0, 0, 5, 5, 4, 0, 0, 0]","Counter({0: 37, 4: 8, 5: 7, 3: 2, 2: 1})",18,15,1,2,37
Ocelot,"['5', '1', '0', '0', '0', '0', '0', '0', '0', '0', '0', '5', '0', '0', '3', '0', '0', '5', '3', '0', '0', '0', '0', '3', '0', '1', '1', '0', '0', '0', '3', '3', '0', '5', '0', '-3', '0', '3', '0', '0', '0', '5', '3', '0', '0', '0', '0', '0', '0', '0', '3', '0', '1', '0', '0']",5,3,0,0,0,0,0,0,0,0,0,5,0,0,4,0,0,5,4,0,0,0,0,4,0,3,3,0,0,0,4,4,0,5,0,2,0,4,0,0,0,5,4,0,0,0,0,0,0,0,4,0,3,0,0,"[5, 3, 0, 0, 0, 0, 0, 0, 0, 0, 0, 5, 0, 0, 4, 0, 0, 5, 4, 0, 0, 0, 0, 4, 0, 3, 3, 0, 0, 0, 4, 4, 0, 5, 0, 2, 0, 4, 0, 0, 0, 5, 4, 0, 0, 0, 0, 0, 0, 0, 4, 0, 3, 0, 0]","Counter({0: 37, 4: 8, 5: 5, 3: 4, 2: 1})",18,13,1,4,37
Cust10,"['5', '0', '0', '0', '1', '0', '0', '0', '0', '-5', '0', '5', '0', '0', '0', '0', '0', '3', '-3', '3', '0', '0', '0', '5', '0', '5', '0', '0', '0', '0', '3', '3', '0', '5', '0', '0', '0', '5', '0', '0', '0', '0', '3', '0', '0', '0', '0', '5', '0', '0', '0', '0', '0', '0', '0']",5,0,0,0,3,0,0,0,0,1,0,5,0,0,0,0,0,4,2,4,0,0,0,5,0,5,0,0,0,0,4,4,0,5,0,0,0,5,0,0,0,0,4,0,0,0,0,5,0,0,0,0,0,0,0,"[5, 0, 0, 0, 3, 0, 0, 0, 0, 1, 0, 5, 0, 0, 0, 0, 0, 4, 2, 4, 0, 0, 0, 5, 0, 5, 0, 0, 0, 0, 4, 4, 0, 5, 0, 0, 0, 5, 0, 0, 0, 0, 4, 0, 0, 0, 0, 5, 0, 0, 0, 0, 0, 0, 0]","Counter({0: 40, 5: 7, 4: 5, 3: 1, 1: 1, 2: 1})",15,12,2,1,40
crom,"['0', '0', '3', '0', '0', '0', '0', '0', '0', '-3', '0', '0', '0', '0', '5', '0', '0', '0', '5', '0', '0', '0', '0', '0', '0', '0', '0', '0', '0', '0', '5', '0', '0', '0', '0', '0', '0', '5', '0', '0', '0', '0', '0', '0', '0', '0', '0', '0', '0', '3', '3', '0', '0', '0', '0']",0,0,4,0,0,0,0,0,0,2,0,0,0,0,5,0,0,0,5,0,0,0,0,0,0,0,0,0,0,0,5,0,0,0,0,0,0,5,0,0,0,0,0,0,0,0,0,0,0,4,4,0,0,0,0,"[0, 0, 4, 0, 0, 0, 0, 0, 0, 2, 0, 0, 0, 0, 5, 0, 0, 0, 5, 0, 0, 0, 0, 0, 0, 0, 0, 0, 0, 0, 5, 0, 0, 0, 0, 0, 0, 5, 0, 0, 0, 0, 0, 0, 0, 0, 0, 0, 0, 4, 4, 0, 0, 0, 0]","Counter({0: 47, 5: 4, 4: 3, 2: 1})",8,7,1,0,47
joe,"['3', '0', '0', '0', '0', '0', '0', '0', '0', '3', '0', '5', '0', '0', '5', '0', '1', '1', '3', '0', '1', '0', '3', '0', '0', '0', '0', '3', '3', '0', '5', '3', '1', '3', '0', '1', '0', '3', '1', '0', '0', '5', '3', '0', '5', '0', '1', '0', '0', '1', '5', '0', '0', '0', '0']",4,0,0,0,0,0,0,0,0,4,0,5,0,0,5,0,3,3,4,0,3,0,4,0,0,0,0,4,4,0,5,4,3,4,0,3,0,4,3,0,0,5,4,0,5,0,3,0,0,3,5,0,0,0,0,"[4, 0, 0, 0, 0, 0, 0, 0, 0, 4, 0, 5, 0, 0, 5, 0, 3, 3, 4, 0, 3, 0, 4, 0, 0, 0, 0, 4, 4, 0, 5, 4, 3, 4, 0, 3, 0, 4, 3, 0, 0, 5, 4, 0, 5, 0, 3, 0, 0, 3, 5, 0, 0, 0, 0]","Counter({0: 31, 4: 10, 3: 8, 5: 6})",24,16,0,8,31
Priscilla,"['5', '0', '0', '0', '0', '0', '5', '0', '0', '0', '0', '3', '3', '0', '1', '0', '0', '0', '0', '0', '0', '0', '3', '5', '0', '0', '0', '0', '0', '0', '0', '1', '0', '3', '0', '0', '0', '5', '0', '0', '0', '0', '0', '0', '0', '0', '0', '0', '0', '-3', '1', '0', '1', '0', '-3']",5,0,0,0,0,0,5,0,0,0,0,4,4,0,3,0,0,0,0,0,0,0,4,5,0,0,0,0,0,0,0,3,0,4,0,0,0,5,0,0,0,0,0,0,0,0,0,0,0,2,3,0,3,0,2,"[5, 0, 0, 0, 0, 0, 5, 0, 0, 0, 0, 4, 4, 0, 3, 0, 0, 0, 0, 0, 0, 0, 4, 5, 0, 0, 0, 0, 0, 0, 0, 3, 0, 4, 0, 0, 0, 5, 0, 0, 0, 0, 0, 0, 0, 0, 0, 0, 0, 2, 3, 0, 3, 0, 2]","Counter({0: 41, 5: 4, 4: 4, 3: 4, 2: 2})",14,8,2,4,41
Harry Potter,"['0', '0', '0', '0', '0', '0', '0', '0', '0', '-5', '0', '1', '0', '0', '0', '0', '0', '0', '1', '0', '0', '0', '0', '0', '0', '0', '0', '1', '1', '0', '0', '0', '0', '0', '0', '0', '0', '3', '0', '0', '0', '0', '5', '0', '0', '0', '0', '0', '0', '3', '0', '0', '0', '0', '0']",0,0,0,0,0,0,0,0,0,1,0,3,0,0,0,0,0,0,3,0,0,0,0,0,0,0,0,3,3,0,0,0,0,0,0,0,0,4,0,0,0,0,5,0,0,0,0,0,0,4,0,0,0,0,0,"[0, 0, 0, 0, 0, 0, 0, 0, 0, 1, 0, 3, 0, 0, 0, 0, 0, 0, 3, 0, 0, 0, 0, 0, 0, 0, 0, 3, 3, 0, 0, 0, 0, 0, 0, 0, 0, 4, 0, 0, 0, 0, 5, 0, 0, 0, 0, 0, 0, 4, 0, 0, 0, 0, 0]","Counter({0: 47, 3: 4, 4: 2, 1: 1, 5: 1})",8,3,1,4,47
I. Ned,"['0', '0', '0', '0', '0', '0', '0', '0', '0', '1', '0', '0', '0', '0', '0', '0', '0', '0', '3', '0', '0', '0', '0', '-3', '0', '0', '0', '0', '0', '0', '1', '1', '0', '0', '0', '-3', '0', '0', '3', '1', '0', '3', '1', '0', '0', '0', '0', '0', '3', '0', '0', '0', '0', '0', '-3']",0,0,0,0,0,0,0,0,0,3,0,0,0,0,0,0,0,0,4,0,0,0,0,2,0,0,0,0,0,0,3,3,0,0,0,2,0,0,4,3,0,4,3,0,0,0,0,0,4,0,0,0,0,0,2,"[0, 0, 0, 0, 0, 0, 0, 0, 0, 3, 0, 0, 0, 0, 0, 0, 0, 0, 4, 0, 0, 0, 0, 2, 0, 0, 0, 0, 0, 0, 3, 3, 0, 0, 0, 2, 0, 0, 4, 3, 0, 4, 3, 0, 0, 0, 0, 0, 4, 0, 0, 0, 0, 0, 2]","Counter({0: 43, 3: 5, 4: 4, 2: 3})",12,4,3,5,43
ender,"['5', '0', '0', '0', '0', '0', '5', '0', '0', '3', '0', '5', '0', '0', '0', '0', '0', '1', '0', '0', '0', '0', '0', '0', '0', '0', '0', '0', '0', '0', '0', '0', '3', '0', '0', '0', '0', '0', '0', '0', '0', '0', '0', '0', '0', '0', '0', '0', '0', '5', '3', '0', '5', '0', '3']",5,0,0,0,0,0,5,0,0,4,0,5,0,0,0,0,0,3,0,0,0,0,0,0,0,0,0,0,0,0,0,0,4,0,0,0,0,0,0,0,0,0,0,0,0,0,0,0,0,5,4,0,5,0,4,"[5, 0, 0, 0, 0, 0, 5, 0, 0, 4, 0, 5, 0, 0, 0, 0, 0, 3, 0, 0, 0, 0, 0, 0, 0, 0, 0, 0, 0, 0, 0, 0, 4, 0, 0, 0, 0, 0, 0, 0, 0, 0, 0, 0, 0, 0, 0, 0, 0, 5, 4, 0, 5, 0, 4]","Counter({0: 45, 5: 5, 4: 4, 3: 1})",10,9,0,1,45
Apollo,"['0', '0', '5', '0', '0', '0', '0', '3', '0', '0', '1', '0', '0', '0', '-5', '0', '0', '0', '0', '0', '0', '0', '0', '5', '0', '0', '0', '0', '0', '0', '3', '-5', '0', '0', '0', '0', '0', '3', '0', '0', '0', '0', '3', '3', '0', '0', '0', '0', '3', '0', '-3', '0', '0', '0', '1']",0,0,5,0,0,0,0,4,0,0,3,0,0,0,1,0,0,0,0,0,0,0,0,5,0,0,0,0,0,0,4,1,0,0,0,0,0,4,0,0,0,0,4,4,0,0,0,0,4,0,2,0,0,0,3,"[0, 0, 5, 0, 0, 0, 0, 4, 0, 0, 3, 0, 0, 0, 1, 0, 0, 0, 0, 0, 0, 0, 0, 5, 0, 0, 0, 0, 0, 0, 4, 1, 0, 0, 0, 0, 0, 4, 0, 0, 0, 0, 4, 4, 0, 0, 0, 0, 4, 0, 2, 0, 0, 0, 3]","Counter({0: 42, 4: 6, 5: 2, 3: 2, 1: 2, 2: 1})",13,8,3,2,42
Zax,"['0', '3', '0', '0', '0', '0', '0', '0', '1', '0', '0', '0', '0', '0', '0', '0', '0', '0', '0', '5', '0', '0', '0', '0', '0', '0', '0', '0', '0', '0', '0', '5', '0', '0', '0', '0', '0', '0', '5', '0', '0', '0', '5', '0', '0', '0', '3', '0', '0', '5', '5', '0', '0', '0', '1']",0,4,0,0,0,0,0,0,3,0,0,0,0,0,0,0,0,0,0,5,0,0,0,0,0,0,0,0,0,0,0,5,0,0,0,0,0,0,5,0,0,0,5,0,0,0,4,0,0,5,5,0,0,0,3,"[0, 4, 0, 0, 0, 0, 0, 0, 3, 0, 0, 0, 0, 0, 0, 0, 0, 0, 0, 5, 0, 0, 0, 0, 0, 0, 0, 0, 0, 0, 0, 5, 0, 0, 0, 0, 0, 0, 5, 0, 0, 0, 5, 0, 0, 0, 4, 0, 0, 5, 5, 0, 0, 0, 3]","Counter({0: 45, 5: 6, 4: 2, 3: 2})",10,8,0,2,45
Jaluka,"['0', '5', '0', '0', '0', '0', '0', '0', '0', '1', '0', '0', '0', '0', '0', '0', '0', '0', '0', '0', '0', '0', '0', '3', '0', '0', '0', '0', '0', '0', '5', '0', '0', '0', '0', '0', '0', '3', '0', '0', '0', '0', '0', '0', '0', '0', '0', '0', '5', '0', '0', '0', '0', '0', '0']",0,5,0,0,0,0,0,0,0,3,0,0,0,0,0,0,0,0,0,0,0,0,0,4,0,0,0,0,0,0,5,0,0,0,0,0,0,4,0,0,0,0,0,0,0,0,0,0,5,0,0,0,0,0,0,"[0, 5, 0, 0, 0, 0, 0, 0, 0, 3, 0, 0, 0, 0, 0, 0, 0, 0, 0, 0, 0, 0, 0, 4, 0, 0, 0, 0, 0, 0, 5, 0, 0, 0, 0, 0, 0, 4, 0, 0, 0, 0, 0, 0, 0, 0, 0, 0, 5, 0, 0, 0, 0, 0, 0]","Counter({0: 49, 5: 3, 4: 2, 3: 1})",6,5,0,1,49
Sanity,"['0', '0', '0', '0', '0', '0', '0', '0', '0', '0', '0', '0', '0', '0', '0', '0', '0', '0', '5', '0', '0', '0', '0', '0', '0', '0', '0', '0', '5', '0', '0', '5', '0', '3', '0', '0', '0', '0', '0', '0', '0', '0', '5', '0', '0', '0', '0', '0', '0', '0', '0', '0', '0', '0', '0']",0,0,0,0,0,0,0,0,0,0,0,0,0,0,0,0,0,0,5,0,0,0,0,0,0,0,0,0,5,0,0,5,0,4,0,0,0,0,0,0,0,0,5,0,0,0,0,0,0,0,0,0,0,0,0,"[0, 0, 0, 0, 0, 0, 0, 0, 0, 0, 0, 0, 0, 0, 0, 0, 0, 0, 5, 0, 0, 0, 0, 0, 0, 0, 0, 0, 5, 0, 0, 5, 0, 4, 0, 0, 0, 0, 0, 0, 0, 0, 5, 0, 0, 0, 0, 0, 0, 0, 0, 0, 0, 0, 0]","Counter({0: 50, 5: 4, 4: 1})",5,5,0,0,50
Brix,"['1', '0', '0', '0', '0', '0', '0', '0', '0', '0', '0', '0', '0', '0', '1', '0', '0', '0', '1', '0', '0', '0', '0', '3', '0', '0', '0', '0', '0', '0', '-3', '0', '0', '0', '0', '0', '0', '3', '0', '0', '0', '0', '0', '0', '0', '0', '0', '0', '0', '0', '0', '0', '0', '0', '3']",3,0,0,0,0,0,0,0,0,0,0,0,0,0,3,0,0,0,3,0,0,0,0,4,0,0,0,0,0,0,2,0,0,0,0,0,0,4,0,0,0,0,0,0,0,0,0,0,0,0,0,0,0,0,4,"[3, 0, 0, 0, 0, 0, 0, 0, 0, 0, 0, 0, 0, 0, 3, 0, 0, 0, 3, 0, 0, 0, 0, 4, 0, 0, 0, 0, 0, 0, 2, 0, 0, 0, 0, 0, 0, 4, 0, 0, 0, 0, 0, 0, 0, 0, 0, 0, 0, 0, 0, 0, 0, 0, 4]","Counter({0: 48, 3: 3, 4: 3, 2: 1})",7,3,1,3,48
sage32,"['0', '0', '0', '0', '0', '0', '0', '-3', '0', '3', '1', '0', '0', '0', '0', '0', '0', '0', '3', '5', '0', '0', '0', '3', '0', '0', '0', '0', '0', '0', '3', '0', '0', '0', '0', '-5', '0', '0', '0', '1', '0', '0', '5', '3', '3', '0', '0', '0', '1', '0', '0', '0', '0', '0', '5']",0,0,0,0,0,0,0,2,0,4,3,0,0,0,0,0,0,0,4,5,0,0,0,4,0,0,0,0,0,0,4,0,0,0,0,1,0,0,0,3,0,0,5,4,4,0,0,0,3,0,0,0,0,0,5,"[0, 0, 0, 0, 0, 0, 0, 2, 0, 4, 3, 0, 0, 0, 0, 0, 0, 0, 4, 5, 0, 0, 0, 4, 0, 0, 0, 0, 0, 0, 4, 0, 0, 0, 0, 1, 0, 0, 0, 3, 0, 0, 5, 4, 4, 0, 0, 0, 3, 0, 0, 0, 0, 0, 5]","Counter({0: 41, 4: 6, 3: 3, 5: 3, 2: 1, 1: 1})",14,9,2,3,41
clipper,"['5', '0', '0', '0', '0', '0', '0', '1', '3', '0', '0', '0', '0', '0', '0', '0', '0', '0', '-3', '0', '0', '0', '0', '0', '0', '0', '0', '0', '0', '0', '1', '5', '0', '3', '0', '0', '0', '0', '0', '0', '0', '5', '5', '0', '0', '0', '0', '0', '3', '5', '5', '0', '0', '0', '0']",5,0,0,0,0,0,0,3,4,0,0,0,0,0,0,0,0,0,2,0,0,0,0,0,0,0,0,0,0,0,3,5,0,4,0,0,0,0,0,0,0,5,5,0,0,0,0,0,4,5,5,0,0,0,0,"[5, 0, 0, 0, 0, 0, 0, 3, 4, 0, 0, 0, 0, 0, 0, 0, 0, 0, 2, 0, 0, 0, 0, 0, 0, 0, 0, 0, 0, 0, 3, 5, 0, 4, 0, 0, 0, 0, 0, 0, 0, 5, 5, 0, 0, 0, 0, 0, 4, 5, 5, 0, 0, 0, 0]","Counter({0: 43, 5: 6, 4: 3, 3: 2, 2: 1})",12,9,1,2,43
YJAM,"['0', '0', '0', '0', '0', '0', '0', '0', '0', '0', '0', '0', '0', '0', '0', '0', '0', '0', '0', '0', '0', '0', '0', '0', '0', '0', '0', '0', '0', '0', '0', '1', '0', '0', '0', '3', '0', '0', '3', '0', '0', '0', '0', '3', '0', '0', '0', '0', '0', '5', '5', '0', '5', '0', '0']",0,0,0,0,0,0,0,0,0,0,0,0,0,0,0,0,0,0,0,0,0,0,0,0,0,0,0,0,0,0,0,3,0,0,0,4,0,0,4,0,0,0,0,4,0,0,0,0,0,5,5,0,5,0,0,"[0, 0, 0, 0, 0, 0, 0, 0, 0, 0, 0, 0, 0, 0, 0, 0, 0, 0, 0, 0, 0, 0, 0, 0, 0, 0, 0, 0, 0, 0, 0, 3, 0, 0, 0, 4, 0, 0, 4, 0, 0, 0, 0, 4, 0, 0, 0, 0, 0, 5, 5, 0, 5, 0, 0]","Counter({0: 48, 4: 3, 5: 3, 3: 1})",7,6,0,1,48
Martin,"['1', '-3', '0', '0', '0', '0', '0', '0', '0', '0', '0', '3', '3', '0', '-3', '0', '0', '0', '-3', '0', '0', '0', '0', '0', '0', '0', '0', '0', '0', '0', '0', '0', '0', '0', '0', '0', '0', '-3', '-3', '0', '0', '0', '5', '0', '0', '0', '0', '0', '1', '3', '5', '0', '-3', '0', '0']",3,2,0,0,0,0,0,0,0,0,0,4,4,0,2,0,0,0,2,0,0,0,0,0,0,0,0,0,0,0,0,0,0,0,0,0,0,2,2,0,0,0,5,0,0,0,0,0,3,4,5,0,2,0,0,"[3, 2, 0, 0, 0, 0, 0, 0, 0, 0, 0, 4, 4, 0, 2, 0, 0, 0, 2, 0, 0, 0, 0, 0, 0, 0, 0, 0, 0, 0, 0, 0, 0, 0, 0, 0, 0, 2, 2, 0, 0, 0, 5, 0, 0, 0, 0, 0, 3, 4, 5, 0, 2, 0, 0]","Counter({0: 42, 2: 6, 4: 3, 3: 2, 5: 2})",13,5,6,2,42
Mike,"['5', '0', '0', '0', '0', '0', '5', '0', '0', '1', '0', '5', '3', '0', '0', '0', '0', '3', '0', '0', '0', '0', '0', '3', '0', '5', '0', '0', '0', '0', '5', '5', '5', '3', '0', '0', '0', '3', '0', '0', '0', '5', '3', '0', '0', '0', '0', '5', '0', '5', '3', '0', '0', '0', '0']",5,0,0,0,0,0,5,0,0,3,0,5,4,0,0,0,0,4,0,0,0,0,0,4,0,5,0,0,0,0,5,5,5,4,0,0,0,4,0,0,0,5,4,0,0,0,0,5,0,5,4,0,0,0,0,"[5, 0, 0, 0, 0, 0, 5, 0, 0, 3, 0, 5, 4, 0, 0, 0, 0, 4, 0, 0, 0, 0, 0, 4, 0, 5, 0, 0, 0, 0, 5, 5, 5, 4, 0, 0, 0, 4, 0, 0, 0, 5, 4, 0, 0, 0, 0, 5, 0, 5, 4, 0, 0, 0, 0]","Counter({0: 37, 5: 10, 4: 7, 3: 1})",18,17,0,1,37
Strongbad,"['5', '0', '-3', '0', '-3', '0', '0', '-5', '0', '0', '0', '0', '0', '0', '0', '0', '0', '0', '0', '0', '0', '0', '0', '-5', '0', '0', '0', '0', '0', '0', '0', '3', '0', '3', '0', '0', '0', '-5', '0', '1', '0', '5', '5', '1', '0', '0', '0', '5', '0', '1', '1', '0', '0', '0', '3']",5,0,2,0,2,0,0,1,0,0,0,0,0,0,0,0,0,0,0,0,0,0,0,1,0,0,0,0,0,0,0,4,0,4,0,0,0,1,0,3,0,5,5,3,0,0,0,5,0,3,3,0,0,0,4,"[5, 0, 2, 0, 2, 0, 0, 1, 0, 0, 0, 0, 0, 0, 0, 0, 0, 0, 0, 0, 0, 0, 0, 1, 0, 0, 0, 0, 0, 0, 0, 4, 0, 4, 0, 0, 0, 1, 0, 3, 0, 5, 5, 3, 0, 0, 0, 5, 0, 3, 3, 0, 0, 0, 4]","Counter({0: 39, 5: 4, 3: 4, 1: 3, 4: 3, 2: 2})",16,7,5,4,39
Brian,"['5', '0', '0', '0', '0', '0', '0', '0', '0', '3', '0', '0', '0', '0', '5', '0', '0', '0', '0', '5', '0', '0', '0', '5', '0', '3', '0', '0', '0', '0', '1', '0', '0', '0', '0', '1', '0', '5', '3', '5', '0', '0', '5', '3', '0', '0', '0', '0', '0', '3', '5', '0', '0', '0', '0']",5,0,0,0,0,0,0,0,0,4,0,0,0,0,5,0,0,0,0,5,0,0,0,5,0,4,0,0,0,0,3,0,0,0,0,3,0,5,4,5,0,0,5,4,0,0,0,0,0,4,5,0,0,0,0,"[5, 0, 0, 0, 0, 0, 0, 0, 0, 4, 0, 0, 0, 0, 5, 0, 0, 0, 0, 5, 0, 0, 0, 5, 0, 4, 0, 0, 0, 0, 3, 0, 0, 0, 0, 3, 0, 5, 4, 5, 0, 0, 5, 4, 0, 0, 0, 0, 0, 4, 5, 0, 0, 0, 0]","Counter({0: 40, 5: 8, 4: 5, 3: 2})",15,13,0,2,40
Douglas Anderson,"['5', '0', '0', '0', '0', '0', '0', '0', '0', '3', '0', '0', '0', '0', '5', '0', '0', '0', '0', '5', '0', '0', '0', '5', '0', '3', '0', '0', '0', '0', '1', '0', '0', '0', '0', '1', '0', '5', '3', '5', '0', '0', '5', '3', '0', '0', '0', '0', '0', '3', '5', '0', '0', '0', '0']",5,0,0,0,0,0,0,0,0,4,0,0,0,0,5,0,0,0,0,5,0,0,0,5,0,4,0,0,0,0,3,0,0,0,0,3,0,5,4,5,0,0,5,4,0,0,0,0,0,4,5,0,0,0,0,"[5, 0, 0, 0, 0, 0, 0, 0, 0, 4, 0, 0, 0, 0, 5, 0, 0, 0, 0, 5, 0, 0, 0, 5, 0, 4, 0, 0, 0, 0, 3, 0, 0, 0, 0, 3, 0, 5, 4, 5, 0, 0, 5, 4, 0, 0, 0, 0, 0, 4, 5, 0, 0, 0, 0]","Counter({0: 40, 5: 8, 4: 5, 3: 2})",15,13,0,2,40
chrispeh,"['0', '0', '0', '0', '0', '0', '0', '0', '0', '0', '0', '0', '0', '0', '0', '0', '0', '0', '0', '0', '0', '0', '0', '0', '0', '0', '0', '0', '0', '0', '3', '0', '0', '-5', '0', '0', '0', '0', '0', '0', '0', '0', '0', '0', '0', '0', '0', '0', '0', '0', '0', '0', '0', '0', '0']",0,0,0,0,0,0,0,0,0,0,0,0,0,0,0,0,0,0,0,0,0,0,0,0,0,0,0,0,0,0,4,0,0,1,0,0,0,0,0,0,0,0,0,0,0,0,0,0,0,0,0,0,0,0,0,"[0, 0, 0, 0, 0, 0, 0, 0, 0, 0, 0, 0, 0, 0, 0, 0, 0, 0, 0, 0, 0, 0, 0, 0, 0, 0, 0, 0, 0, 0, 4, 0, 0, 1, 0, 0, 0, 0, 0, 0, 0, 0, 0, 0, 0, 0, 0, 0, 0, 0, 0, 0, 0, 0, 0]","Counter({0: 53, 4: 1, 1: 1})",2,1,1,0,53
Rudy A,"['0', '0', '0', '0', '0', '0', '0', '0', '0', '0', '0', '0', '0', '0', '0', '0', '0', '0', '0', '0', '0', '0', '0', '0', '0', '0', '0', '0', '0', '0', '3', '0', '0', '1', '0', '0', '0', '0', '0', '5', '0', '0', '3', '0', '0', '0', '0', '0', '0', '0', '0', '0', '0', '0', '0']",0,0,0,0,0,0,0,0,0,0,0,0,0,0,0,0,0,0,0,0,0,0,0,0,0,0,0,0,0,0,4,0,0,3,0,0,0,0,0,5,0,0,4,0,0,0,0,0,0,0,0,0,0,0,0,"[0, 0, 0, 0, 0, 0, 0, 0, 0, 0, 0, 0, 0, 0, 0, 0, 0, 0, 0, 0, 0, 0, 0, 0, 0, 0, 0, 0, 0, 0, 4, 0, 0, 3, 0, 0, 0, 0, 0, 5, 0, 0, 4, 0, 0, 0, 0, 0, 0, 0, 0, 0, 0, 0, 0]","Counter({0: 51, 4: 2, 3: 1, 5: 1})",4,3,0,1,51
McLovin,"['0', '0', '0', '0', '0', '0', '0', '0', '0', '3', '0', '0', '0', '0', '0', '0', '0', '0', '5', '0', '0', '0', '0', '0', '0', '0', '0', '0', '0', '0', '-5', '3', '0', '-5', '0', '0', '0', '0', '0', '0', '0', '0', '-3', '0', '0', '0', '0', '0', '0', '3', '0', '0', '0', '0', '0']",0,0,0,0,0,0,0,0,0,4,0,0,0,0,0,0,0,0,5,0,0,0,0,0,0,0,0,0,0,0,1,4,0,1,0,0,0,0,0,0,0,0,2,0,0,0,0,0,0,4,0,0,0,0,0,"[0, 0, 0, 0, 0, 0, 0, 0, 0, 4, 0, 0, 0, 0, 0, 0, 0, 0, 5, 0, 0, 0, 0, 0, 0, 0, 0, 0, 0, 0, 1, 4, 0, 1, 0, 0, 0, 0, 0, 0, 0, 0, 2, 0, 0, 0, 0, 0, 0, 4, 0, 0, 0, 0, 0]","Counter({0: 48, 4: 3, 1: 2, 5: 1, 2: 1})",7,4,3,0,48
Mike Williams,"['3', '0', '5', '0', '0', '0', '5', '0', '0', '5', '0', '5', '0', '5', '0', '0', '3', '0', '3', '0', '0', '0', '0', '0', '0', '0', '0', '0', '0', '0', '1', '1', '0', '5', '0', '3', '0', '0', '5', '5', '0', '5', '5', '3', '0', '0', '0', '0', '0', '1', '-3', '0', '0', '0', '0']",4,0,5,0,0,0,5,0,0,5,0,5,0,5,0,0,4,0,4,0,0,0,0,0,0,0,0,0,0,0,3,3,0,5,0,4,0,0,5,5,0,5,5,4,0,0,0,0,0,3,2,0,0,0,0,"[4, 0, 5, 0, 0, 0, 5, 0, 0, 5, 0, 5, 0, 5, 0, 0, 4, 0, 4, 0, 0, 0, 0, 0, 0, 0, 0, 0, 0, 0, 3, 3, 0, 5, 0, 4, 0, 0, 5, 5, 0, 5, 5, 4, 0, 0, 0, 0, 0, 3, 2, 0, 0, 0, 0]","Counter({0: 36, 5: 10, 4: 5, 3: 3, 2: 1})",19,15,1,3,36
Dude,"['0', '0', '0', '0', '0', '0', '0', '0', '0', '0', '0', '0', '0', '0', '0', '0', '3', '0', '0', '0', '0', '0', '0', '0', '0', '0', '0', '0', '0', '0', '3', '0', '0', '0', '0', '0', '0', '0', '0', '0', '0', '0', '3', '3', '0', '0', '5', '0', '0', '0', '-3', '0', '0', '0', '0']",0,0,0,0,0,0,0,0,0,0,0,0,0,0,0,0,4,0,0,0,0,0,0,0,0,0,0,0,0,0,4,0,0,0,0,0,0,0,0,0,0,0,4,4,0,0,5,0,0,0,2,0,0,0,0,"[0, 0, 0, 0, 0, 0, 0, 0, 0, 0, 0, 0, 0, 0, 0, 0, 4, 0, 0, 0, 0, 0, 0, 0, 0, 0, 0, 0, 0, 0, 4, 0, 0, 0, 0, 0, 0, 0, 0, 0, 0, 0, 4, 4, 0, 0, 5, 0, 0, 0, 2, 0, 0, 0, 0]","Counter({0: 49, 4: 4, 5: 1, 2: 1})",6,5,1,0,49
Hideo,"['0', '0', '-3', '0', '0', '0', '0', '0', '0', '0', '0', '0', '0', '0', '0', '1', '0', '0', '0', '0', '0', '0', '0', '0', '0', '0', '0', '0', '0', '0', '1', '3', '0', '-5', '0', '0', '0', '0', '5', '0', '0', '0', '5', '5', '0', '0', '0', '0', '0', '5', '5', '0', '0', '0', '0']",0,0,2,0,0,0,0,0,0,0,0,0,0,0,0,3,0,0,0,0,0,0,0,0,0,0,0,0,0,0,3,4,0,1,0,0,0,0,5,0,0,0,5,5,0,0,0,0,0,5,5,0,0,0,0,"[0, 0, 2, 0, 0, 0, 0, 0, 0, 0, 0, 0, 0, 0, 0, 3, 0, 0, 0, 0, 0, 0, 0, 0, 0, 0, 0, 0, 0, 0, 3, 4, 0, 1, 0, 0, 0, 0, 5, 0, 0, 0, 5, 5, 0, 0, 0, 0, 0, 5, 5, 0, 0, 0, 0]","Counter({0: 45, 5: 5, 3: 2, 2: 1, 4: 1, 1: 1})",10,6,2,2,45
Rudy Ann,"['0', '0', '0', '0', '0', '0', '0', '0', '0', '0', '0', '0', '0', '0', '0', '0', '0', '0', '0', '0', '0', '0', '0', '0', '0', '0', '0', '0', '0', '0', '-3', '0', '0', '-5', '0', '0', '0', '0', '0', '1', '0', '0', '3', '1', '0', '0', '0', '0', '0', '0', '0', '0', '0', '0', '0']",0,0,0,0,0,0,0,0,0,0,0,0,0,0,0,0,0,0,0,0,0,0,0,0,0,0,0,0,0,0,2,0,0,1,0,0,0,0,0,3,0,0,4,3,0,0,0,0,0,0,0,0,0,0,0,"[0, 0, 0, 0, 0, 0, 0, 0, 0, 0, 0, 0, 0, 0, 0, 0, 0, 0, 0, 0, 0, 0, 0, 0, 0, 0, 0, 0, 0, 0, 2, 0, 0, 1, 0, 0, 0, 0, 0, 3, 0, 0, 4, 3, 0, 0, 0, 0, 0, 0, 0, 0, 0, 0, 0]","Counter({0: 50, 3: 2, 2: 1, 1: 1, 4: 1})",5,1,2,2,50
Don Wang,"['0', '0', '0', '0', '0', '0', '0', '0', '0', '0', '0', '0', '0', '0', '0', '0', '0', '0', '0', '0', '0', '0', '0', '0', '0', '0', '0', '0', '0', '0', '1', '0', '0', '1', '0', '0', '0', '0', '3', '0', '0', '0', '3', '3', '0', '0', '0', '0', '0', '0', '3', '0', '0', '0', '0']",0,0,0,0,0,0,0,0,0,0,0,0,0,0,0,0,0,0,0,0,0,0,0,0,0,0,0,0,0,0,3,0,0,3,0,0,0,0,4,0,0,0,4,4,0,0,0,0,0,0,4,0,0,0,0,"[0, 0, 0, 0, 0, 0, 0, 0, 0, 0, 0, 0, 0, 0, 0, 0, 0, 0, 0, 0, 0, 0, 0, 0, 0, 0, 0, 0, 0, 0, 3, 0, 0, 3, 0, 0, 0, 0, 4, 0, 0, 0, 4, 4, 0, 0, 0, 0, 0, 0, 4, 0, 0, 0, 0]","Counter({0: 49, 4: 4, 3: 2})",6,4,0,2,49
Anna-Carol,"['0', '0', '3', '0', '0', '0', '0', '1', '0', '0', '0', '0', '0', '0', '0', '0', '0', '0', '0', '0', '0', '0', '0', '0', '0', '0', '0', '0', '0', '0', '1', '3', '0', '0', '0', '5', '0', '0', '0', '3', '0', '0', '0', '3', '0', '0', '0', '0', '0', '0', '3', '0', '0', '0', '0']",0,0,4,0,0,0,0,3,0,0,0,0,0,0,0,0,0,0,0,0,0,0,0,0,0,0,0,0,0,0,3,4,0,0,0,5,0,0,0,4,0,0,0,4,0,0,0,0,0,0,4,0,0,0,0,"[0, 0, 4, 0, 0, 0, 0, 3, 0, 0, 0, 0, 0, 0, 0, 0, 0, 0, 0, 0, 0, 0, 0, 0, 0, 0, 0, 0, 0, 0, 3, 4, 0, 0, 0, 5, 0, 0, 0, 4, 0, 0, 0, 4, 0, 0, 0, 0, 0, 0, 4, 0, 0, 0, 0]","Counter({0: 47, 4: 5, 3: 2, 5: 1})",8,6,0,2,47
SubRia,"['0', '0', '0', '0', '0', '0', '0', '0', '0', '5', '0', '0', '0', '0', '0', '0', '5', '0', '3', '-5', '0', '0', '0', '0', '0', '0', '0', '0', '0', '0', '1', '3', '3', '-3', '0', '0', '0', '0', '3', '3', '1', '-3', '0', '0', '0', '0', '0', '0', '0', '3', '3', '0', '0', '0', '0']",0,0,0,0,0,0,0,0,0,5,0,0,0,0,0,0,5,0,4,1,0,0,0,0,0,0,0,0,0,0,3,4,4,2,0,0,0,0,4,4,3,2,0,0,0,0,0,0,0,4,4,0,0,0,0,"[0, 0, 0, 0, 0, 0, 0, 0, 0, 5, 0, 0, 0, 0, 0, 0, 5, 0, 4, 1, 0, 0, 0, 0, 0, 0, 0, 0, 0, 0, 3, 4, 4, 2, 0, 0, 0, 0, 4, 4, 3, 2, 0, 0, 0, 0, 0, 0, 0, 4, 4, 0, 0, 0, 0]","Counter({0: 41, 4: 7, 5: 2, 3: 2, 2: 2, 1: 1})",14,9,3,2,41
Ella,"['0', '0', '0', '0', '0', '0', '0', '3', '0', '0', '3', '1', '0', '0', '0', '0', '3', '0', '0', '3', '0', '0', '0', '0', '0', '0', '0', '0', '0', '0', '-5', '1', '0', '-5', '0', '5', '0', '0', '1', '0', '0', '3', '0', '5', '0', '0', '0', '0', '0', '0', '0', '0', '0', '0', '0']",0,0,0,0,0,0,0,4,0,0,4,3,0,0,0,0,4,0,0,4,0,0,0,0,0,0,0,0,0,0,1,3,0,1,0,5,0,0,3,0,0,4,0,5,0,0,0,0,0,0,0,0,0,0,0,"[0, 0, 0, 0, 0, 0, 0, 4, 0, 0, 4, 3, 0, 0, 0, 0, 4, 0, 0, 4, 0, 0, 0, 0, 0, 0, 0, 0, 0, 0, 1, 3, 0, 1, 0, 5, 0, 0, 3, 0, 0, 4, 0, 5, 0, 0, 0, 0, 0, 0, 0, 0, 0, 0, 0]","Counter({0: 43, 4: 5, 3: 3, 1: 2, 5: 2})",12,7,2,3,43
Leslie,"['5', '0', '0', '0', '0', '0', '0', '0', '0', '5', '0', '0', '0', '0', '0', '0', '0', '0', '0', '0', '0', '0', '0', '0', '0', '0', '0', '0', '0', '0', '5', '0', '5', '-5', '0', '0', '0', '0', '5', '0', '0', '0', '-5', '5', '0', '0', '0', '0', '0', '5', '5', '0', '0', '0', '0']",5,0,0,0,0,0,0,0,0,5,0,0,0,0,0,0,0,0,0,0,0,0,0,0,0,0,0,0,0,0,5,0,5,1,0,0,0,0,5,0,0,0,1,5,0,0,0,0,0,5,5,0,0,0,0,"[5, 0, 0, 0, 0, 0, 0, 0, 0, 5, 0, 0, 0, 0, 0, 0, 0, 0, 0, 0, 0, 0, 0, 0, 0, 0, 0, 0, 0, 0, 5, 0, 5, 1, 0, 0, 0, 0, 5, 0, 0, 0, 1, 5, 0, 0, 0, 0, 0, 5, 5, 0, 0, 0, 0]","Counter({0: 45, 5: 8, 1: 2})",10,8,2,0,45
Sam,"['0', '3', '0', '0', '0', '1', '0', '0', '0', '3', '0', '0', '0', '0', '0', '0', '0', '0', '0', '0', '0', '0', '0', '0', '0', '0', '0', '0', '0', '0', '1', '0', '0', '-3', '0', '0', '0', '0', '0', '0', '0', '0', '0', '0', '0', '0', '0', '0', '0', '0', '0', '1', '0', '0', '0']",0,4,0,0,0,3,0,0,0,4,0,0,0,0,0,0,0,0,0,0,0,0,0,0,0,0,0,0,0,0,3,0,0,2,0,0,0,0,0,0,0,0,0,0,0,0,0,0,0,0,0,3,0,0,0,"[0, 4, 0, 0, 0, 3, 0, 0, 0, 4, 0, 0, 0, 0, 0, 0, 0, 0, 0, 0, 0, 0, 0, 0, 0, 0, 0, 0, 0, 0, 3, 0, 0, 2, 0, 0, 0, 0, 0, 0, 0, 0, 0, 0, 0, 0, 0, 0, 0, 0, 0, 3, 0, 0, 0]","Counter({0: 49, 3: 3, 4: 2, 2: 1})",6,2,1,3,49
Cedric Jones,"['0', '0', '0', '0', '0', '0', '0', '0', '0', '3', '0', '0', '5', '0', '0', '0', '0', '0', '5', '0', '0', '0', '0', '0', '0', '0', '0', '0', '0', '0', '1', '0', '5', '-5', '0', '0', '0', '0', '0', '3', '0', '0', '0', '5', '0', '0', '0', '0', '0', '0', '0', '0', '5', '0', '0']",0,0,0,0,0,0,0,0,0,4,0,0,5,0,0,0,0,0,5,0,0,0,0,0,0,0,0,0,0,0,3,0,5,1,0,0,0,0,0,4,0,0,0,5,0,0,0,0,0,0,0,0,5,0,0,"[0, 0, 0, 0, 0, 0, 0, 0, 0, 4, 0, 0, 5, 0, 0, 0, 0, 0, 5, 0, 0, 0, 0, 0, 0, 0, 0, 0, 0, 0, 3, 0, 5, 1, 0, 0, 0, 0, 0, 4, 0, 0, 0, 5, 0, 0, 0, 0, 0, 0, 0, 0, 5, 0, 0]","Counter({0: 46, 5: 5, 4: 2, 3: 1, 1: 1})",9,7,1,1,46
Don Wang,"['0', '0', '0', '0', '0', '0', '0', '0', '0', '0', '0', '0', '0', '0', '0', '0', '0', '0', '0', '0', '0', '0', '0', '0', '0', '0', '0', '0', '0', '0', '1', '0', '0', '1', '0', '0', '0', '0', '3', '0', '0', '0', '3', '3', '0', '0', '0', '0', '0', '0', '3', '0', '0', '0', '0']",0,0,0,0,0,0,0,0,0,0,0,0,0,0,0,0,0,0,0,0,0,0,0,0,0,0,0,0,0,0,3,0,0,3,0,0,0,0,4,0,0,0,4,4,0,0,0,0,0,0,4,0,0,0,0,"[0, 0, 0, 0, 0, 0, 0, 0, 0, 0, 0, 0, 0, 0, 0, 0, 0, 0, 0, 0, 0, 0, 0, 0, 0, 0, 0, 0, 0, 0, 3, 0, 0, 3, 0, 0, 0, 0, 4, 0, 0, 0, 4, 4, 0, 0, 0, 0, 0, 0, 4, 0, 0, 0, 0]","Counter({0: 49, 4: 4, 3: 2})",6,4,0,2,49
McLean,"['0', '0', '0', '0', '0', '0', '0', '0', '0', '5', '0', '0', '0', '0', '0', '0', '3', '0', '0', '0', '0', '0', '0', '5', '0', '0', '0', '0', '0', '0', '5', '0', '0', '3', '0', '0', '0', '5', '5', '0', '0', '0', '5', '5', '0', '0', '0', '0', '0', '0', '5', '0', '1', '0', '5']",0,0,0,0,0,0,0,0,0,5,0,0,0,0,0,0,4,0,0,0,0,0,0,5,0,0,0,0,0,0,5,0,0,4,0,0,0,5,5,0,0,0,5,5,0,0,0,0,0,0,5,0,3,0,5,"[0, 0, 0, 0, 0, 0, 0, 0, 0, 5, 0, 0, 0, 0, 0, 0, 4, 0, 0, 0, 0, 0, 0, 5, 0, 0, 0, 0, 0, 0, 5, 0, 0, 4, 0, 0, 0, 5, 5, 0, 0, 0, 5, 5, 0, 0, 0, 0, 0, 0, 5, 0, 3, 0, 5]","Counter({0: 43, 5: 9, 4: 2, 3: 1})",12,11,0,1,43
Shannon,"['3', '0', '0', '0', '0', '0', '0', '0', '0', '5', '5', '0', '0', '0', '0', '0', '5', '0', '0', '5', '0', '0', '0', '0', '0', '0', '0', '5', '0', '0', '0', '5', '5', '-5', '0', '5', '0', '0', '5', '0', '5', '5', '5', '5', '0', '0', '5', '0', '0', '5', '5', '0', '5', '0', '0']",4,0,0,0,0,0,0,0,0,5,5,0,0,0,0,0,5,0,0,5,0,0,0,0,0,0,0,5,0,0,0,5,5,1,0,5,0,0,5,0,5,5,5,5,0,0,5,0,0,5,5,0,5,0,0,"[4, 0, 0, 0, 0, 0, 0, 0, 0, 5, 5, 0, 0, 0, 0, 0, 5, 0, 0, 5, 0, 0, 0, 0, 0, 0, 0, 5, 0, 0, 0, 5, 5, 1, 0, 5, 0, 0, 5, 0, 5, 5, 5, 5, 0, 0, 5, 0, 0, 5, 5, 0, 5, 0, 0]","Counter({0: 36, 5: 17, 4: 1, 1: 1})",19,18,1,0,36
Joshua,"['0', '0', '0', '0', '0', '0', '0', '1', '0', '0', '-3', '0', '0', '0', '0', '0', '0', '0', '0', '0', '0', '0', '0', '0', '0', '0', '0', '0', '0', '0', '3', '0', '0', '-5', '0', '-5', '0', '0', '0', '0', '0', '0', '5', '0', '0', '0', '0', '0', '0', '0', '0', '0', '0', '0', '0']",0,0,0,0,0,0,0,3,0,0,2,0,0,0,0,0,0,0,0,0,0,0,0,0,0,0,0,0,0,0,4,0,0,1,0,1,0,0,0,0,0,0,5,0,0,0,0,0,0,0,0,0,0,0,0,"[0, 0, 0, 0, 0, 0, 0, 3, 0, 0, 2, 0, 0, 0, 0, 0, 0, 0, 0, 0, 0, 0, 0, 0, 0, 0, 0, 0, 0, 0, 4, 0, 0, 1, 0, 1, 0, 0, 0, 0, 0, 0, 5, 0, 0, 0, 0, 0, 0, 0, 0, 0, 0, 0, 0]","Counter({0: 49, 1: 2, 3: 1, 2: 1, 4: 1, 5: 1})",6,2,3,1,49
Jeremy,"['0', '0', '0', '0', '0', '0', '0', '0', '0', '0', '3', '0', '0', '0', '0', '0', '0', '0', '0', '0', '0', '0', '0', '0', '0', '0', '0', '0', '0', '0', '0', '3', '0', '-5', '0', '0', '0', '0', '0', '0', '0', '3', '0', '0', '0', '0', '0', '0', '0', '0', '0', '0', '0', '0', '0']",0,0,0,0,0,0,0,0,0,0,4,0,0,0,0,0,0,0,0,0,0,0,0,0,0,0,0,0,0,0,0,4,0,1,0,0,0,0,0,0,0,4,0,0,0,0,0,0,0,0,0,0,0,0,0,"[0, 0, 0, 0, 0, 0, 0, 0, 0, 0, 4, 0, 0, 0, 0, 0, 0, 0, 0, 0, 0, 0, 0, 0, 0, 0, 0, 0, 0, 0, 0, 4, 0, 1, 0, 0, 0, 0, 0, 0, 0, 4, 0, 0, 0, 0, 0, 0, 0, 0, 0, 0, 0, 0, 0]","Counter({0: 51, 4: 3, 1: 1})",4,3,1,0,51
Pablo Sanchez,"['0', '0', '0', '0', '0', '0', '0', '0', '0', '0', '0', '0', '0', '0', '0', '0', '0', '0', '0', '0', '0', '0', '0', '0', '0', '0', '0', '0', '0', '0', '0', '0', '0', '3', '0', '0', '0', '0', '3', '0', '0', '0', '0', '1', '0', '0', '3', '0', '0', '0', '0', '0', '0', '0', '0']",0,0,0,0,0,0,0,0,0,0,0,0,0,0,0,0,0,0,0,0,0,0,0,0,0,0,0,0,0,0,0,0,0,4,0,0,0,0,4,0,0,0,0,3,0,0,4,0,0,0,0,0,0,0,0,"[0, 0, 0, 0, 0, 0, 0, 0, 0, 0, 0, 0, 0, 0, 0, 0, 0, 0, 0, 0, 0, 0, 0, 0, 0, 0, 0, 0, 0, 0, 0, 0, 0, 4, 0, 0, 0, 0, 4, 0, 0, 0, 0, 3, 0, 0, 4, 0, 0, 0, 0, 0, 0, 0, 0]","Counter({0: 51, 4: 3, 3: 1})",4,3,0,1,51
Scream,"['0', '0', '0', '0', '0', '0', '0', '0', '0', '0', '0', '0', '0', '0', '0', '0', '0', '0', '0', '0', '0', '0', '0', '0', '0', '0', '0', '0', '0', '0', '0', '0', '0', '-5', '0', '-5', '0', '0', '0', '0', '0', '0', '3', '0', '0', '0', '0', '0', '0', '0', '0', '0', '0', '0', '0']",0,0,0,0,0,0,0,0,0,0,0,0,0,0,0,0,0,0,0,0,0,0,0,0,0,0,0,0,0,0,0,0,0,1,0,1,0,0,0,0,0,0,4,0,0,0,0,0,0,0,0,0,0,0,0,"[0, 0, 0, 0, 0, 0, 0, 0, 0, 0, 0, 0, 0, 0, 0, 0, 0, 0, 0, 0, 0, 0, 0, 0, 0, 0, 0, 0, 0, 0, 0, 0, 0, 1, 0, 1, 0, 0, 0, 0, 0, 0, 4, 0, 0, 0, 0, 0, 0, 0, 0, 0, 0, 0, 0]","Counter({0: 52, 1: 2, 4: 1})",3,1,2,0,52
ROFLOL,"['5', '0', '0', '0', '0', '0', '0', '0', '0', '3', '3', '3', '0', '0', '0', '0', '5', '0', '0', '5', '0', '0', '0', '0', '0', '0', '0', '5', '0', '0', '0', '5', '5', '-5', '0', '5', '0', '0', '5', '5', '5', '5', '5', '5', '0', '0', '0', '0', '0', '5', '5', '0', '0', '0', '0']",5,0,0,0,0,0,0,0,0,4,4,4,0,0,0,0,5,0,0,5,0,0,0,0,0,0,0,5,0,0,0,5,5,1,0,5,0,0,5,5,5,5,5,5,0,0,0,0,0,5,5,0,0,0,0,"[5, 0, 0, 0, 0, 0, 0, 0, 0, 4, 4, 4, 0, 0, 0, 0, 5, 0, 0, 5, 0, 0, 0, 0, 0, 0, 0, 5, 0, 0, 0, 5, 5, 1, 0, 5, 0, 0, 5, 5, 5, 5, 5, 5, 0, 0, 0, 0, 0, 5, 5, 0, 0, 0, 0]","Counter({0: 36, 5: 15, 4: 3, 1: 1})",19,18,1,0,36
Albus Dumbledore,"['0', '0', '0', '0', '0', '0', '0', '1', '0', '0', '-3', '0', '0', '0', '0', '0', '0', '0', '0', '0', '0', '0', '0', '0', '0', '0', '0', '0', '0', '0', '3', '0', '0', '-3', '0', '-5', '0', '0', '0', '0', '0', '0', '5', '0', '0', '0', '0', '0', '0', '0', '0', '0', '0', '0', '0']",0,0,0,0,0,0,0,3,0,0,2,0,0,0,0,0,0,0,0,0,0,0,0,0,0,0,0,0,0,0,4,0,0,2,0,1,0,0,0,0,0,0,5,0,0,0,0,0,0,0,0,0,0,0,0,"[0, 0, 0, 0, 0, 0, 0, 3, 0, 0, 2, 0, 0, 0, 0, 0, 0, 0, 0, 0, 0, 0, 0, 0, 0, 0, 0, 0, 0, 0, 4, 0, 0, 2, 0, 1, 0, 0, 0, 0, 0, 0, 5, 0, 0, 0, 0, 0, 0, 0, 0, 0, 0, 0, 0]","Counter({0: 49, 2: 2, 3: 1, 4: 1, 1: 1, 5: 1})",6,2,3,1,49
Alexandra,"['0', '0', '0', '0', '0', '0', '0', '0', '0', '0', '3', '0', '0', '0', '0', '0', '0', '0', '0', '0', '0', '0', '0', '0', '0', '0', '0', '0', '0', '0', '0', '3', '0', '-5', '0', '0', '0', '0', '0', '0', '0', '3', '0', '0', '0', '0', '0', '0', '0', '0', '0', '0', '0', '0', '0']",0,0,0,0,0,0,0,0,0,0,4,0,0,0,0,0,0,0,0,0,0,0,0,0,0,0,0,0,0,0,0,4,0,1,0,0,0,0,0,0,0,4,0,0,0,0,0,0,0,0,0,0,0,0,0,"[0, 0, 0, 0, 0, 0, 0, 0, 0, 0, 4, 0, 0, 0, 0, 0, 0, 0, 0, 0, 0, 0, 0, 0, 0, 0, 0, 0, 0, 0, 0, 4, 0, 1, 0, 0, 0, 0, 0, 0, 0, 4, 0, 0, 0, 0, 0, 0, 0, 0, 0, 0, 0, 0, 0]","Counter({0: 51, 4: 3, 1: 1})",4,3,1,0,51
NaRwHaLs,"['5', '0', '0', '0', '0', '0', '0', '0', '0', '0', '0', '5', '0', '0', '0', '0', '0', '5', '0', '0', '0', '0', '0', '0', '0', '0', '0', '5', '0', '0', '0', '3', '0', '-5', '0', '0', '5', '0', '5', '0', '0', '0', '-3', '3', '0', '0', '0', '0', '0', '5', '5', '0', '0', '0', '0']",5,0,0,0,0,0,0,0,0,0,0,5,0,0,0,0,0,5,0,0,0,0,0,0,0,0,0,5,0,0,0,4,0,1,0,0,5,0,5,0,0,0,2,4,0,0,0,0,0,5,5,0,0,0,0,"[5, 0, 0, 0, 0, 0, 0, 0, 0, 0, 0, 5, 0, 0, 0, 0, 0, 5, 0, 0, 0, 0, 0, 0, 0, 0, 0, 5, 0, 0, 0, 4, 0, 1, 0, 0, 5, 0, 5, 0, 0, 0, 2, 4, 0, 0, 0, 0, 0, 5, 5, 0, 0, 0, 0]","Counter({0: 43, 5: 8, 4: 2, 1: 1, 2: 1})",12,10,2,0,43
J-Rok,"['5', '0', '0', '0', '0', '0', '0', '0', '0', '0', '0', '0', '0', '0', '0', '0', '0', '0', '0', '0', '0', '0', '0', '0', '0', '0', '0', '0', '0', '0', '0', '0', '0', '-3', '0', '-5', '0', '0', '0', '0', '0', '0', '-5', '0', '0', '0', '1', '0', '0', '0', '0', '0', '0', '0', '0']",5,0,0,0,0,0,0,0,0,0,0,0,0,0,0,0,0,0,0,0,0,0,0,0,0,0,0,0,0,0,0,0,0,2,0,1,0,0,0,0,0,0,1,0,0,0,3,0,0,0,0,0,0,0,0,"[5, 0, 0, 0, 0, 0, 0, 0, 0, 0, 0, 0, 0, 0, 0, 0, 0, 0, 0, 0, 0, 0, 0, 0, 0, 0, 0, 0, 0, 0, 0, 0, 0, 2, 0, 1, 0, 0, 0, 0, 0, 0, 1, 0, 0, 0, 3, 0, 0, 0, 0, 0, 0, 0, 0]","Counter({0: 50, 1: 2, 5: 1, 2: 1, 3: 1})",5,1,3,1,50
snoosh,"['0', '0', '0', '0', '0', '0', '0', '0', '0', '0', '0', '0', '0', '0', '0', '0', '0', '0', '1', '0', '0', '0', '0', '5', '0', '0', '0', '0', '0', '0', '0', '5', '0', '1', '0', '0', '0', '0', '3', '5', '0', '-3', '5', '3', '0', '0', '-5', '0', '0', '5', '5', '0', '0', '0', '0']",0,0,0,0,0,0,0,0,0,0,0,0,0,0,0,0,0,0,3,0,0,0,0,5,0,0,0,0,0,0,0,5,0,3,0,0,0,0,4,5,0,2,5,4,0,0,1,0,0,5,5,0,0,0,0,"[0, 0, 0, 0, 0, 0, 0, 0, 0, 0, 0, 0, 0, 0, 0, 0, 0, 0, 3, 0, 0, 0, 0, 5, 0, 0, 0, 0, 0, 0, 0, 5, 0, 3, 0, 0, 0, 0, 4, 5, 0, 2, 5, 4, 0, 0, 1, 0, 0, 5, 5, 0, 0, 0, 0]","Counter({0: 43, 5: 6, 3: 2, 4: 2, 2: 1, 1: 1})",12,8,2,2,43
Huxil,"['0', '0', '0', '0', '0', '0', '0', '0', '0', '0', '0', '0', '0', '0', '0', '0', '0', '0', '0', '0', '0', '0', '0', '0', '0', '0', '0', '0', '0', '0', '0', '1', '3', '0', '0', '0', '0', '0', '0', '0', '0', '0', '0', '0', '0', '0', '0', '0', '0', '0', '3', '0', '1', '0', '0']",0,0,0,0,0,0,0,0,0,0,0,0,0,0,0,0,0,0,0,0,0,0,0,0,0,0,0,0,0,0,0,3,4,0,0,0,0,0,0,0,0,0,0,0,0,0,0,0,0,0,4,0,3,0,0,"[0, 0, 0, 0, 0, 0, 0, 0, 0, 0, 0, 0, 0, 0, 0, 0, 0, 0, 0, 0, 0, 0, 0, 0, 0, 0, 0, 0, 0, 0, 0, 3, 4, 0, 0, 0, 0, 0, 0, 0, 0, 0, 0, 0, 0, 0, 0, 0, 0, 0, 4, 0, 3, 0, 0]","Counter({0: 51, 3: 2, 4: 2})",4,2,0,2,51
hidan,"['0', '0', '0', '0', '0', '0', '0', '0', '0', '0', '0', '0', '3', '0', '0', '0', '0', '0', '0', '0', '0', '0', '0', '0', '0', '0', '0', '5', '5', '0', '0', '3', '0', '5', '0', '0', '0', '0', '5', '0', '0', '0', '5', '5', '5', '0', '0', '0', '0', '5', '5', '0', '0', '0', '0']",0,0,0,0,0,0,0,0,0,0,0,0,4,0,0,0,0,0,0,0,0,0,0,0,0,0,0,5,5,0,0,4,0,5,0,0,0,0,5,0,0,0,5,5,5,0,0,0,0,5,5,0,0,0,0,"[0, 0, 0, 0, 0, 0, 0, 0, 0, 0, 0, 0, 4, 0, 0, 0, 0, 0, 0, 0, 0, 0, 0, 0, 0, 0, 0, 5, 5, 0, 0, 4, 0, 5, 0, 0, 0, 0, 5, 0, 0, 0, 5, 5, 5, 0, 0, 0, 0, 5, 5, 0, 0, 0, 0]","Counter({0: 44, 5: 9, 4: 2})",11,11,0,0,44
Leah,"['0', '0', '0', '0', '0', '0', '0', '0', '0', '0', '0', '0', '0', '0', '0', '0', '0', '0', '0', '0', '0', '0', '0', '0', '0', '0', '0', '3', '0', '0', '0', '0', '0', '0', '0', '0', '0', '0', '0', '0', '0', '0', '0', '0', '1', '0', '0', '0', '0', '0', '0', '0', '0', '0', '0']",0,0,0,0,0,0,0,0,0,0,0,0,0,0,0,0,0,0,0,0,0,0,0,0,0,0,0,4,0,0,0,0,0,0,0,0,0,0,0,0,0,0,0,0,3,0,0,0,0,0,0,0,0,0,0,"[0, 0, 0, 0, 0, 0, 0, 0, 0, 0, 0, 0, 0, 0, 0, 0, 0, 0, 0, 0, 0, 0, 0, 0, 0, 0, 0, 4, 0, 0, 0, 0, 0, 0, 0, 0, 0, 0, 0, 0, 0, 0, 0, 0, 3, 0, 0, 0, 0, 0, 0, 0, 0, 0, 0]","Counter({0: 53, 4: 1, 3: 1})",2,1,0,1,53
Boxxy,"['0', '0', '0', '0', '0', '0', '0', '0', '0', '0', '0', '0', '0', '0', '0', '0', '0', '0', '0', '0', '0', '0', '0', '0', '0', '0', '0', '0', '5', '0', '5', '0', '0', '5', '0', '0', '0', '0', '0', '5', '0', '0', '0', '0', '0', '0', '0', '0', '0', '0', '0', '0', '0', '0', '0']",0,0,0,0,0,0,0,0,0,0,0,0,0,0,0,0,0,0,0,0,0,0,0,0,0,0,0,0,5,0,5,0,0,5,0,0,0,0,0,5,0,0,0,0,0,0,0,0,0,0,0,0,0,0,0,"[0, 0, 0, 0, 0, 0, 0, 0, 0, 0, 0, 0, 0, 0, 0, 0, 0, 0, 0, 0, 0, 0, 0, 0, 0, 0, 0, 0, 5, 0, 5, 0, 0, 5, 0, 0, 0, 0, 0, 5, 0, 0, 0, 0, 0, 0, 0, 0, 0, 0, 0, 0, 0, 0, 0]","Counter({0: 51, 5: 4})",4,4,0,0,51
Rosanna,"['0', '0', '0', '0', '0', '0', '0', '0', '0', '5', '5', '3', '0', '0', '-3', '0', '0', '0', '1', '0', '0', '0', '0', '0', '0', '0', '0', '1', '0', '0', '1', '5', '0', '1', '0', '5', '0', '0', '0', '0', '0', '0', '5', '5', '0', '0', '0', '0', '0', '0', '-3', '0', '0', '0', '0']",0,0,0,0,0,0,0,0,0,5,5,4,0,0,2,0,0,0,3,0,0,0,0,0,0,0,0,3,0,0,3,5,0,3,0,5,0,0,0,0,0,0,5,5,0,0,0,0,0,0,2,0,0,0,0,"[0, 0, 0, 0, 0, 0, 0, 0, 0, 5, 5, 4, 0, 0, 2, 0, 0, 0, 3, 0, 0, 0, 0, 0, 0, 0, 0, 3, 0, 0, 3, 5, 0, 3, 0, 5, 0, 0, 0, 0, 0, 0, 5, 5, 0, 0, 0, 0, 0, 0, 2, 0, 0, 0, 0]","Counter({0: 42, 5: 6, 3: 4, 2: 2, 4: 1})",13,7,2,4,42
Claire,"['5', '3', '0', '0', '0', '0', '0', '5', '0', '3', '1', '0', '0', '0', '1', '0', '1', '0', '3', '0', '0', '0', '0', '-3', '0', '5', '0', '0', '0', '0', '5', '5', '0', '1', '0', '-5', '5', '0', '3', '3', '0', '5', '5', '5', '0', '0', '0', '0', '0', '5', '5', '0', '1', '0', '1']",5,4,0,0,0,0,0,5,0,4,3,0,0,0,3,0,3,0,4,0,0,0,0,2,0,5,0,0,0,0,5,5,0,3,0,1,5,0,4,4,0,5,5,5,0,0,0,0,0,5,5,0,3,0,3,"[5, 4, 0, 0, 0, 0, 0, 5, 0, 4, 3, 0, 0, 0, 3, 0, 3, 0, 4, 0, 0, 0, 0, 2, 0, 5, 0, 0, 0, 0, 5, 5, 0, 3, 0, 1, 5, 0, 4, 4, 0, 5, 5, 5, 0, 0, 0, 0, 0, 5, 5, 0, 3, 0, 3]","Counter({0: 31, 5: 11, 3: 6, 4: 5, 2: 1, 1: 1})",24,16,2,6,31
David,"['0', '0', '0', '0', '0', '0', '0', '0', '0', '0', '0', '0', '0', '0', '0', '0', '-5', '0', '0', '0', '0', '0', '0', '0', '0', '0', '0', '0', '0', '0', '0', '0', '0', '0', '0', '0', '0', '0', '1', '0', '0', '5', '1', '0', '0', '0', '0', '0', '0', '0', '0', '0', '0', '0', '5']",0,0,0,0,0,0,0,0,0,0,0,0,0,0,0,0,1,0,0,0,0,0,0,0,0,0,0,0,0,0,0,0,0,0,0,0,0,0,3,0,0,5,3,0,0,0,0,0,0,0,0,0,0,0,5,"[0, 0, 0, 0, 0, 0, 0, 0, 0, 0, 0, 0, 0, 0, 0, 0, 1, 0, 0, 0, 0, 0, 0, 0, 0, 0, 0, 0, 0, 0, 0, 0, 0, 0, 0, 0, 0, 0, 3, 0, 0, 5, 3, 0, 0, 0, 0, 0, 0, 0, 0, 0, 0, 0, 5]","Counter({0: 50, 3: 2, 5: 2, 1: 1})",5,2,1,2,50
Zachary,"['0', '0', '0', '0', '0', '0', '0', '0', '0', '0', '0', '0', '0', '0', '0', '0', '1', '0', '0', '0', '0', '0', '0', '0', '0', '0', '0', '5', '0', '0', '0', '0', '0', '0', '0', '0', '0', '0', '3', '0', '0', '1', '0', '5', '5', '0', '0', '0', '0', '0', '5', '0', '0', '0', '0']",0,0,0,0,0,0,0,0,0,0,0,0,0,0,0,0,3,0,0,0,0,0,0,0,0,0,0,5,0,0,0,0,0,0,0,0,0,0,4,0,0,3,0,5,5,0,0,0,0,0,5,0,0,0,0,"[0, 0, 0, 0, 0, 0, 0, 0, 0, 0, 0, 0, 0, 0, 0, 0, 3, 0, 0, 0, 0, 0, 0, 0, 0, 0, 0, 5, 0, 0, 0, 0, 0, 0, 0, 0, 0, 0, 4, 0, 0, 3, 0, 5, 5, 0, 0, 0, 0, 0, 5, 0, 0, 0, 0]","Counter({0: 48, 5: 4, 3: 2, 4: 1})",7,5,0,2,48
ParseClaws,"['5', '5', '3', '0', '0', '0', '0', '0', '0', '-5', '0', '3', '0', '0', '3', '0', '0', '0', '3', '0', '0', '0', '0', '5', '0', '5', '0', '1', '1', '0', '3', '1', '0', '0', '0', '-5', '0', '5', '0', '0', '0', '0', '3', '3', '0', '0', '3', '0', '0', '0', '0', '0', '0', '0', '-3']",5,5,4,0,0,0,0,0,0,1,0,4,0,0,4,0,0,0,4,0,0,0,0,5,0,5,0,3,3,0,4,3,0,0,0,1,0,5,0,0,0,0,4,4,0,0,4,0,0,0,0,0,0,0,2,"[5, 5, 4, 0, 0, 0, 0, 0, 0, 1, 0, 4, 0, 0, 4, 0, 0, 0, 4, 0, 0, 0, 0, 5, 0, 5, 0, 3, 3, 0, 4, 3, 0, 0, 0, 1, 0, 5, 0, 0, 0, 0, 4, 4, 0, 0, 4, 0, 0, 0, 0, 0, 0, 0, 2]","Counter({0: 36, 4: 8, 5: 5, 3: 3, 1: 2, 2: 1})",19,13,3,3,36
Tiffany,"['3', '0', '0', '1', '0', '0', '0', '-3', '0', '5', '-3', '0', '0', '0', '3', '0', '3', '0', '1', '3', '0', '0', '0', '0', '0', '0', '0', '-5', '1', '0', '5', '5', '0', '0', '0', '-5', '0', '0', '1', '3', '5', '3', '5', '5', '0', '0', '-3', '0', '0', '5', '5', '3', '5', '0', '3']",4,0,0,3,0,0,0,2,0,5,2,0,0,0,4,0,4,0,3,4,0,0,0,0,0,0,0,1,3,0,5,5,0,0,0,1,0,0,3,4,5,4,5,5,0,0,2,0,0,5,5,4,5,0,4,"[4, 0, 0, 3, 0, 0, 0, 2, 0, 5, 2, 0, 0, 0, 4, 0, 4, 0, 3, 4, 0, 0, 0, 0, 0, 0, 0, 1, 3, 0, 5, 5, 0, 0, 0, 1, 0, 0, 3, 4, 5, 4, 5, 5, 0, 0, 2, 0, 0, 5, 5, 4, 5, 0, 4]","Counter({0: 29, 5: 9, 4: 8, 3: 4, 2: 3, 1: 2})",26,17,5,4,29
Sidney,"['0', '0', '0', '0', '0', '0', '0', '0', '0', '0', '0', '0', '0', '0', '1', '0', '3', '0', '3', '0', '0', '0', '0', '1', '0', '0', '0', '5', '5', '0', '0', '3', '0', '3', '0', '0', '0', '0', '5', '5', '0', '0', '5', '0', '3', '0', '3', '0', '0', '5', '5', '0', '0', '0', '0']",0,0,0,0,0,0,0,0,0,0,0,0,0,0,3,0,4,0,4,0,0,0,0,3,0,0,0,5,5,0,0,4,0,4,0,0,0,0,5,5,0,0,5,0,4,0,4,0,0,5,5,0,0,0,0,"[0, 0, 0, 0, 0, 0, 0, 0, 0, 0, 0, 0, 0, 0, 3, 0, 4, 0, 4, 0, 0, 0, 0, 3, 0, 0, 0, 5, 5, 0, 0, 4, 0, 4, 0, 0, 0, 0, 5, 5, 0, 0, 5, 0, 4, 0, 4, 0, 0, 5, 5, 0, 0, 0, 0]","Counter({0: 40, 5: 7, 4: 6, 3: 2})",15,13,0,2,40
Tony,"['-5', '-5', '-5', '-5', '-5', '-5', '-5', '1', '1', '-5', '-5', '1', '1', '3', '5', '-5', '1', '1', '5', '1', '-5', '-5', '-5', '1', '1', '-5', '1', '-5', '1', '1', '3', '0', '0', '0', '0', '0', '3', '0', '0', '0', '3', '0', '0', '-3', '0', '-5', '-5', '-5', '0', '5', '5', '1', '1', '1', '1']",1,1,1,1,1,1,1,3,3,1,1,3,3,4,5,1,3,3,5,3,1,1,1,3,3,1,3,1,3,3,4,0,0,0,0,0,4,0,0,0,4,0,0,2,0,1,1,1,0,5,5,3,3,3,3,"[1, 1, 1, 1, 1, 1, 1, 3, 3, 1, 1, 3, 3, 4, 5, 1, 3, 3, 5, 3, 1, 1, 1, 3, 3, 1, 3, 1, 3, 3, 4, 0, 0, 0, 0, 0, 4, 0, 0, 0, 4, 0, 0, 2, 0, 1, 1, 1, 0, 5, 5, 3, 3, 3, 3]","Counter({1: 18, 3: 16, 0: 12, 4: 4, 5: 4, 2: 1})",43,8,19,16,12
Mark,"['5', '3', '0', '0', '0', '0', '0', '0', '0', '3', '0', '5', '0', '0', '3', '0', '0', '0', '1', '0', '0', '0', '0', '3', '0', '0', '0', '3', '3', '0', '5', '1', '0', '3', '0', '0', '0', '0', '3', '0', '0', '0', '0', '0', '0', '0', '0', '0', '0', '0', '0', '0', '0', '0', '5']",5,4,0,0,0,0,0,0,0,4,0,5,0,0,4,0,0,0,3,0,0,0,0,4,0,0,0,4,4,0,5,3,0,4,0,0,0,0,4,0,0,0,0,0,0,0,0,0,0,0,0,0,0,0,5,"[5, 4, 0, 0, 0, 0, 0, 0, 0, 4, 0, 5, 0, 0, 4, 0, 0, 0, 3, 0, 0, 0, 0, 4, 0, 0, 0, 4, 4, 0, 5, 3, 0, 4, 0, 0, 0, 0, 4, 0, 0, 0, 0, 0, 0, 0, 0, 0, 0, 0, 0, 0, 0, 0, 5]","Counter({0: 41, 4: 8, 5: 4, 3: 2})",14,12,0,2,41
NuNu,"['0', '0', '0', '0', '0', '0', '0', '1', '0', '0', '0', '0', '0', '0', '0', '0', '3', '0', '3', '0', '0', '0', '0', '0', '0', '0', '0', '0', '0', '0', '3', '0', '0', '1', '0', '5', '0', '0', '0', '0', '0', '1', '3', '3', '0', '0', '0', '0', '0', '0', '0', '0', '0', '0', '0']",0,0,0,0,0,0,0,3,0,0,0,0,0,0,0,0,4,0,4,0,0,0,0,0,0,0,0,0,0,0,4,0,0,3,0,5,0,0,0,0,0,3,4,4,0,0,0,0,0,0,0,0,0,0,0,"[0, 0, 0, 0, 0, 0, 0, 3, 0, 0, 0, 0, 0, 0, 0, 0, 4, 0, 4, 0, 0, 0, 0, 0, 0, 0, 0, 0, 0, 0, 4, 0, 0, 3, 0, 5, 0, 0, 0, 0, 0, 3, 4, 4, 0, 0, 0, 0, 0, 0, 0, 0, 0, 0, 0]","Counter({0: 46, 4: 5, 3: 3, 5: 1})",9,6,0,3,46
Hamza ALi,"['0', '0', '0', '0', '0', '0', '0', '-5', '0', '5', '1', '0', '0', '0', '1', '0', '5', '0', '-3', '0', '3', '0', '0', '0', '0', '0', '0', '-5', '0', '0', '-3', '5', '0', '5', '0', '3', '0', '0', '1', '0', '3', '1', '3', '5', '0', '0', '0', '0', '0', '1', '-5', '0', '0', '0', '0']",0,0,0,0,0,0,0,1,0,5,3,0,0,0,3,0,5,0,2,0,4,0,0,0,0,0,0,1,0,0,2,5,0,5,0,4,0,0,3,0,4,3,4,5,0,0,0,0,0,3,1,0,0,0,0,"[0, 0, 0, 0, 0, 0, 0, 1, 0, 5, 3, 0, 0, 0, 3, 0, 5, 0, 2, 0, 4, 0, 0, 0, 0, 0, 0, 1, 0, 0, 2, 5, 0, 5, 0, 4, 0, 0, 3, 0, 4, 3, 4, 5, 0, 0, 0, 0, 0, 3, 1, 0, 0, 0, 0]","Counter({0: 36, 5: 5, 3: 5, 4: 4, 1: 3, 2: 2})",19,9,5,5,36
dencellia,"['0', '0', '0', '0', '0', '0', '0', '0', '0', '0', '0', '0', '0', '0', '0', '0', '0', '0', '-3', '0', '0', '0', '0', '0', '0', '0', '0', '1', '3', '0', '1', '0', '0', '0', '0', '3', '0', '0', '0', '0', '0', '0', '5', '0', '3', '0', '0', '0', '0', '-3', '3', '0', '0', '0', '0']",0,0,0,0,0,0,0,0,0,0,0,0,0,0,0,0,0,0,2,0,0,0,0,0,0,0,0,3,4,0,3,0,0,0,0,4,0,0,0,0,0,0,5,0,4,0,0,0,0,2,4,0,0,0,0,"[0, 0, 0, 0, 0, 0, 0, 0, 0, 0, 0, 0, 0, 0, 0, 0, 0, 0, 2, 0, 0, 0, 0, 0, 0, 0, 0, 3, 4, 0, 3, 0, 0, 0, 0, 4, 0, 0, 0, 0, 0, 0, 5, 0, 4, 0, 0, 0, 0, 2, 4, 0, 0, 0, 0]","Counter({0: 46, 4: 4, 2: 2, 3: 2, 5: 1})",9,5,2,2,46
Nathan,"['0', '0', '0', '0', '0', '0', '0', '-5', '0', '5', '1', '0', '0', '0', '1', '0', '5', '0', '-3', '0', '3', '0', '0', '0', '0', '0', '0', '-5', '0', '0', '-3', '5', '0', '5', '0', '3', '0', '0', '1', '0', '3', '1', '3', '5', '0', '0', '0', '0', '0', '1', '-5', '0', '0', '0', '0']",0,0,0,0,0,0,0,1,0,5,3,0,0,0,3,0,5,0,2,0,4,0,0,0,0,0,0,1,0,0,2,5,0,5,0,4,0,0,3,0,4,3,4,5,0,0,0,0,0,3,1,0,0,0,0,"[0, 0, 0, 0, 0, 0, 0, 1, 0, 5, 3, 0, 0, 0, 3, 0, 5, 0, 2, 0, 4, 0, 0, 0, 0, 0, 0, 1, 0, 0, 2, 5, 0, 5, 0, 4, 0, 0, 3, 0, 4, 3, 4, 5, 0, 0, 0, 0, 0, 3, 1, 0, 0, 0, 0]","Counter({0: 36, 5: 5, 3: 5, 4: 4, 1: 3, 2: 2})",19,9,5,5,36
James,"['3', '1', '0', '0', '0', '0', '3', '-3', '0', '0', '1', '0', '0', '0', '0', '0', '0', '0', '1', '1', '0', '0', '0', '-5', '0', '0', '0', '-5', '-5', '0', '-3', '5', '0', '3', '0', '-5', '0', '0', '0', '5', '0', '5', '1', '3', '0', '0', '0', '0', '0', '-5', '5', '0', '-3', '0', '5']",4,3,0,0,0,0,4,2,0,0,3,0,0,0,0,0,0,0,3,3,0,0,0,1,0,0,0,1,1,0,2,5,0,4,0,1,0,0,0,5,0,5,3,4,0,0,0,0,0,1,5,0,2,0,5,"[4, 3, 0, 0, 0, 0, 4, 2, 0, 0, 3, 0, 0, 0, 0, 0, 0, 0, 3, 3, 0, 0, 0, 1, 0, 0, 0, 1, 1, 0, 2, 5, 0, 4, 0, 1, 0, 0, 0, 5, 0, 5, 3, 4, 0, 0, 0, 0, 0, 1, 5, 0, 2, 0, 5]","Counter({0: 33, 3: 5, 1: 5, 5: 5, 4: 4, 2: 3})",22,9,8,5,33
KeeLed,"['0', '0', '0', '5', '0', '0', '0', '5', '0', '5', '5', '0', '0', '0', '0', '0', '5', '-3', '-3', '0', '0', '0', '0', '0', '0', '0', '0', '0', '0', '0', '1', '0', '0', '0', '0', '5', '0', '0', '5', '0', '5', '5', '5', '5', '0', '0', '0', '0', '0', '3', '1', '0', '0', '0', '0']",0,0,0,5,0,0,0,5,0,5,5,0,0,0,0,0,5,2,2,0,0,0,0,0,0,0,0,0,0,0,3,0,0,0,0,5,0,0,5,0,5,5,5,5,0,0,0,0,0,4,3,0,0,0,0,"[0, 0, 0, 5, 0, 0, 0, 5, 0, 5, 5, 0, 0, 0, 0, 0, 5, 2, 2, 0, 0, 0, 0, 0, 0, 0, 0, 0, 0, 0, 3, 0, 0, 0, 0, 5, 0, 0, 5, 0, 5, 5, 5, 5, 0, 0, 0, 0, 0, 4, 3, 0, 0, 0, 0]","Counter({0: 39, 5: 11, 2: 2, 3: 2, 4: 1})",16,12,2,2,39
Megan,"['5', '5', '0', '0', '0', '0', '0', '0', '0', '3', '0', '5', '0', '0', '1', '0', '5', '0', '1', '5', '0', '0', '0', '0', '0', '1', '0', '5', '0', '0', '3', '5', '5', '0', '0', '5', '0', '0', '3', '0', '0', '3', '5', '5', '0', '0', '0', '0', '0', '5', '5', '0', '5', '0', '0']",5,5,0,0,0,0,0,0,0,4,0,5,0,0,3,0,5,0,3,5,0,0,0,0,0,3,0,5,0,0,4,5,5,0,0,5,0,0,4,0,0,4,5,5,0,0,0,0,0,5,5,0,5,0,0,"[5, 5, 0, 0, 0, 0, 0, 0, 0, 4, 0, 5, 0, 0, 3, 0, 5, 0, 3, 5, 0, 0, 0, 0, 0, 3, 0, 5, 0, 0, 4, 5, 5, 0, 0, 5, 0, 0, 4, 0, 0, 4, 5, 5, 0, 0, 0, 0, 0, 5, 5, 0, 5, 0, 0]","Counter({0: 34, 5: 14, 4: 4, 3: 3})",21,18,0,3,34
